"Date","TimePoint","ExposureDays","TankID","UrchinID","TreatCode","CumAdjGraz"
2017-07-07,3,4,"1","T1-C1a","Ambient",5.38999999999999
2017-07-07,3,4,"1","T1-C1b","Ambient",6.52
2017-07-07,3,4,"1","T1-C2a","Ambient",7.81
2017-07-07,3,4,"1","T1-C2b","Ambient",6.77
2017-07-07,3,4,"1","T1-C3a","Ambient",5.23
2017-07-07,3,4,"1","T1-C3b","Ambient",3.73
2017-07-07,3,4,"1","T1-C4a","Ambient",7.51
2017-07-07,3,4,"1","T1-C4b","Ambient",6.14
2017-07-07,3,4,"1","T1-C5a","Ambient",3.57
2017-07-07,3,4,"1","T1-C5b","Ambient",7.47
2017-07-07,3,4,"1","T1-C6a","Ambient",11.32
2017-07-07,3,4,"1","T1-C6b","Ambient",6.37
2017-07-07,3,4,"2","T2-C1a","Cyc3",3.76000000000001
2017-07-07,3,4,"2","T2-C1b","Cyc3",9.39
2017-07-07,3,4,"2","T2-C2a","Cyc3",5.32
2017-07-07,3,4,"2","T2-C2b","Cyc3",1.51000000000001
2017-07-07,3,4,"2","T2-C3a","Cyc3",5.48999999999999
2017-07-07,3,4,"2","T2-C3b","Cyc3",7.45
2017-07-07,3,4,"2","T2-C4a","Cyc3",6.59
2017-07-07,3,4,"2","T2-C4b","Cyc3",5.45
2017-07-07,3,4,"2","T2-C5a","Cyc3",4.84
2017-07-07,3,4,"2","T2-C5b","Cyc3",4.12
2017-07-07,3,4,"2","T2-C6a","Cyc3",5.13
2017-07-07,3,4,"2","T2-C6b","Cyc3",5.13
2017-07-07,3,4,"3","T3-C1a","Constant",6.18
2017-07-07,3,4,"3","T3-C1b","Constant",7.16
2017-07-07,3,4,"3","T3-C2a","Constant",0
2017-07-07,3,4,"3","T3-C2b","Constant",8.02
2017-07-07,3,4,"3","T3-C3a","Constant",8.34
2017-07-07,3,4,"3","T3-C3b","Constant",3.54
2017-07-07,3,4,"3","T3-C4a","Constant",6.35
2017-07-07,3,4,"3","T3-C4b","Constant",4.8
2017-07-07,3,4,"3","T3-C5a","Constant",5.93
2017-07-07,3,4,"3","T3-C5b","Constant",3.06
2017-07-07,3,4,"3","T3-C6a","Constant",0
2017-07-07,3,4,"3","T3-C6b","Constant",3.84
2017-07-07,3,4,"4","T4-C1a","Cyc6",2.05
2017-07-07,3,4,"4","T4-C1b","Cyc6",3.27
2017-07-07,3,4,"4","T4-C2a","Cyc6",4.46
2017-07-07,3,4,"4","T4-C2b","Cyc6",4.96
2017-07-07,3,4,"4","T4-C3a","Cyc6",8.4
2017-07-07,3,4,"4","T4-C3b","Cyc6",4.48
2017-07-07,3,4,"4","T4-C4a","Cyc6",4.92
2017-07-07,3,4,"4","T4-C4b","Cyc6",1.82
2017-07-07,3,4,"4","T4-C5a","Cyc6",6.09
2017-07-07,3,4,"4","T4-C5b","Cyc6",9.06
2017-07-07,3,4,"4","T4-C6a","Cyc6",6
2017-07-07,3,4,"4","T4-C6b","Cyc6",9.06
2017-07-07,3,4,"9","T5-C1a","Ambient",4.06
2017-07-07,3,4,"9","T5-C1b","Ambient",4.99
2017-07-07,3,4,"9","T5-C2a","Ambient",4.17
2017-07-07,3,4,"9","T5-C2b","Ambient",4.79
2017-07-07,3,4,"9","T5-C3a","Ambient",5.73
2017-07-07,3,4,"9","T5-C3b","Ambient",7.64
2017-07-07,3,4,"9","T5-C4a","Ambient",11.38
2017-07-07,3,4,"9","T5-C4b","Ambient",6.07
2017-07-07,3,4,"9","T5-C5a","Ambient",7.69
2017-07-07,3,4,"9","T5-C5b","Ambient",6.96
2017-07-07,3,4,"9","T5-C6a","Ambient",15.31
2017-07-07,3,4,"9","T5-C6b","Ambient",7.67
2017-07-07,3,4,"10","T6-C1a","Cyc3",5.78
2017-07-07,3,4,"10","T6-C1b","Cyc3",4.32
2017-07-07,3,4,"10","T6-C2a","Cyc3",8.44
2017-07-07,3,4,"10","T6-C2b","Cyc3",4.18
2017-07-07,3,4,"10","T6-C3a","Cyc3",4.36
2017-07-07,3,4,"10","T6-C3b","Cyc3",3.22
2017-07-07,3,4,"10","T6-C4a","Cyc3",5.39
2017-07-07,3,4,"10","T6-C4b","Cyc3",1.37
2017-07-07,3,4,"10","T6-C5a","Cyc3",3.15
2017-07-07,3,4,"10","T6-C5b","Cyc3",5.58
2017-07-07,3,4,"10","T6-C6a","Cyc3",2.67
2017-07-07,3,4,"10","T6-C6b","Cyc3",3.98
2017-07-07,3,4,"11","T7-C1a","Constant",5.71
2017-07-07,3,4,"11","T7-C1b","Constant",3.1
2017-07-07,3,4,"11","T7-C2a","Constant",4.75
2017-07-07,3,4,"11","T7-C2b","Constant",3.73
2017-07-07,3,4,"11","T7-C3a","Constant",4.83
2017-07-07,3,4,"11","T7-C3b","Constant",7.82
2017-07-07,3,4,"11","T7-C4a","Constant",1.74
2017-07-07,3,4,"11","T7-C4b","Constant",2.18
2017-07-07,3,4,"11","T7-C5a","Constant",3.46
2017-07-07,3,4,"11","T7-C5b","Constant",4.49
2017-07-07,3,4,"11","T7-C6a","Constant",4.4
2017-07-07,3,4,"11","T7-C6b","Constant",2.73
2017-07-07,3,4,"12","T8-C1a","Cyc6",6.18
2017-07-07,3,4,"12","T8-C1b","Cyc6",3.18
2017-07-07,3,4,"12","T8-C2a","Cyc6",3.39
2017-07-07,3,4,"12","T8-C2b","Cyc6",4.29
2017-07-07,3,4,"12","T8-C3a","Cyc6",4.65
2017-07-07,3,4,"12","T8-C3b","Cyc6",5.81
2017-07-07,3,4,"12","T8-C4a","Cyc6",6.36
2017-07-07,3,4,"12","T8-C4b","Cyc6",5.88
2017-07-07,3,4,"12","T8-C5a","Cyc6",4.61
2017-07-07,3,4,"12","T8-C5b","Cyc6",6.09
2017-07-07,3,4,"12","T8-C6a","Cyc6",5.57
2017-07-07,3,4,"12","T8-C6b","Cyc6",4.21
2017-07-11,4,8,"1","T1-C1a","Ambient",9.56
2017-07-11,4,8,"1","T1-C1b","Ambient",10.45
2017-07-11,4,8,"1","T1-C2a","Ambient",10.47
2017-07-11,4,8,"1","T1-C2b","Ambient",9.76
2017-07-11,4,8,"1","T1-C3a","Ambient",7.26
2017-07-11,4,8,"1","T1-C3b","Ambient",5.03
2017-07-11,4,8,"1","T1-C4a","Ambient",11.44
2017-07-11,4,8,"1","T1-C4b","Ambient",6.85
2017-07-11,4,8,"1","T1-C5a","Ambient",7.95
2017-07-11,4,8,"1","T1-C5b","Ambient",13.24
2017-07-11,4,8,"1","T1-C6a","Ambient",14.36
2017-07-11,4,8,"1","T1-C6b","Ambient",11.07
2017-07-11,4,8,"2","T2-C1a","Cyc3",10.49
2017-07-11,4,8,"2","T2-C1b","Cyc3",13.01
2017-07-11,4,8,"2","T2-C2a","Cyc3",14.1
2017-07-11,4,8,"2","T2-C2b","Cyc3",2.24
2017-07-11,4,8,"2","T2-C3a","Cyc3",5.48999999999999
2017-07-11,4,8,"2","T2-C3b","Cyc3",14.94
2017-07-11,4,8,"2","T2-C4a","Cyc3",6.59
2017-07-11,4,8,"2","T2-C4b","Cyc3",5.45
2017-07-11,4,8,"2","T2-C5a","Cyc3",8.17
2017-07-11,4,8,"2","T2-C5b","Cyc3",8.69
2017-07-11,4,8,"2","T2-C6a","Cyc3",11.85
2017-07-11,4,8,"2","T2-C6b","Cyc3",8.23
2017-07-11,4,8,"3","T3-C1a","Constant",10.54
2017-07-11,4,8,"3","T3-C1b","Constant",10.48
2017-07-11,4,8,"3","T3-C2a","Constant",0
2017-07-11,4,8,"3","T3-C2b","Constant",13.6
2017-07-11,4,8,"3","T3-C3a","Constant",11.9
2017-07-11,4,8,"3","T3-C3b","Constant",8.25
2017-07-11,4,8,"3","T3-C4a","Constant",7.55999999999999
2017-07-11,4,8,"3","T3-C4b","Constant",4.8
2017-07-11,4,8,"3","T3-C5a","Constant",6.64
2017-07-11,4,8,"3","T3-C5b","Constant",5.35
2017-07-11,4,8,"3","T3-C6a","Constant",2.3
2017-07-11,4,8,"3","T3-C6b","Constant",6.42
2017-07-11,4,8,"4","T4-C1a","Cyc6",3.13
2017-07-11,4,8,"4","T4-C1b","Cyc6",4.29
2017-07-11,4,8,"4","T4-C2a","Cyc6",8.38
2017-07-11,4,8,"4","T4-C2b","Cyc6",6.88
2017-07-11,4,8,"4","T4-C3a","Cyc6",11.16
2017-07-11,4,8,"4","T4-C3b","Cyc6",5.45
2017-07-11,4,8,"4","T4-C4a","Cyc6",7.1
2017-07-11,4,8,"4","T4-C4b","Cyc6",3.17
2017-07-11,4,8,"4","T4-C5a","Cyc6",7.15
2017-07-11,4,8,"4","T4-C5b","Cyc6",11.58
2017-07-11,4,8,"4","T4-C6a","Cyc6",9.06999999999999
2017-07-11,4,8,"4","T4-C6b","Cyc6",11.04
2017-07-11,4,8,"9","T5-C1a","Ambient",9.65999999999999
2017-07-11,4,8,"9","T5-C1b","Ambient",8.51
2017-07-11,4,8,"9","T5-C2a","Ambient",11.43
2017-07-11,4,8,"9","T5-C2b","Ambient",7.18
2017-07-11,4,8,"9","T5-C3a","Ambient",13.95
2017-07-11,4,8,"9","T5-C3b","Ambient",21.94
2017-07-11,4,8,"9","T5-C4a","Ambient",19.82
2017-07-11,4,8,"9","T5-C4b","Ambient",12.26
2017-07-11,4,8,"9","T5-C5a","Ambient",12.48
2017-07-11,4,8,"9","T5-C5b","Ambient",9.92
2017-07-11,4,8,"9","T5-C6a","Ambient",24.82
2017-07-11,4,8,"9","T5-C6b","Ambient",10.51
2017-07-11,4,8,"10","T6-C1a","Cyc3",9.55
2017-07-11,4,8,"10","T6-C1b","Cyc3",4.79
2017-07-11,4,8,"10","T6-C2a","Cyc3",11.17
2017-07-11,4,8,"10","T6-C2b","Cyc3",6.87
2017-07-11,4,8,"10","T6-C3a","Cyc3",11.93
2017-07-11,4,8,"10","T6-C3b","Cyc3",5.77
2017-07-11,4,8,"10","T6-C4a","Cyc3",6.25
2017-07-11,4,8,"10","T6-C4b","Cyc3",6.2
2017-07-11,4,8,"10","T6-C5a","Cyc3",11.44
2017-07-11,4,8,"10","T6-C5b","Cyc3",11.87
2017-07-11,4,8,"10","T6-C6a","Cyc3",6.72
2017-07-11,4,8,"10","T6-C6b","Cyc3",7.2
2017-07-11,4,8,"11","T7-C1a","Constant",10.5
2017-07-11,4,8,"11","T7-C1b","Constant",7.42
2017-07-11,4,8,"11","T7-C2a","Constant",9.02
2017-07-11,4,8,"11","T7-C2b","Constant",7.2
2017-07-11,4,8,"11","T7-C3a","Constant",8.05
2017-07-11,4,8,"11","T7-C3b","Constant",12.5
2017-07-11,4,8,"11","T7-C4a","Constant",7.28
2017-07-11,4,8,"11","T7-C4b","Constant",3.61
2017-07-11,4,8,"11","T7-C5a","Constant",5.63
2017-07-11,4,8,"11","T7-C5b","Constant",7.21
2017-07-11,4,8,"11","T7-C6a","Constant",6.65
2017-07-11,4,8,"11","T7-C6b","Constant",4.27
2017-07-11,4,8,"12","T8-C1a","Cyc6",13.8
2017-07-11,4,8,"12","T8-C1b","Cyc6",5.27999999999999
2017-07-11,4,8,"12","T8-C2a","Cyc6",6.02
2017-07-11,4,8,"12","T8-C2b","Cyc6",6.35
2017-07-11,4,8,"12","T8-C3a","Cyc6",7.86
2017-07-11,4,8,"12","T8-C3b","Cyc6",16.11
2017-07-11,4,8,"12","T8-C4a","Cyc6",11.86
2017-07-11,4,8,"12","T8-C4b","Cyc6",13.8
2017-07-11,4,8,"12","T8-C5a","Cyc6",5.93
2017-07-11,4,8,"12","T8-C5b","Cyc6",10.79
2017-07-11,4,8,"12","T8-C6a","Cyc6",7.49
2017-07-11,4,8,"12","T8-C6b","Cyc6",7.75
2017-07-14,5,11,"1","T1-C1a","Ambient",12.5
2017-07-14,5,11,"1","T1-C1b","Ambient",14.82
2017-07-14,5,11,"1","T1-C2a","Ambient",14.54
2017-07-14,5,11,"1","T1-C2b","Ambient",13.88
2017-07-14,5,11,"1","T1-C3a","Ambient",11.15
2017-07-14,5,11,"1","T1-C3b","Ambient",7.05
2017-07-14,5,11,"1","T1-C4a","Ambient",13.13
2017-07-14,5,11,"1","T1-C4b","Ambient",8.25
2017-07-14,5,11,"1","T1-C5a","Ambient",11.81
2017-07-14,5,11,"1","T1-C5b","Ambient",17.42
2017-07-14,5,11,"1","T1-C6a","Ambient",18.02
2017-07-14,5,11,"1","T1-C6b","Ambient",15.33
2017-07-14,5,11,"2","T2-C1a","Cyc3",13.09
2017-07-14,5,11,"2","T2-C1b","Cyc3",14.81
2017-07-14,5,11,"2","T2-C2a","Cyc3",16.97
2017-07-14,5,11,"2","T2-C2b","Cyc3",4.46
2017-07-14,5,11,"2","T2-C3a","Cyc3",8.53
2017-07-14,5,11,"2","T2-C3b","Cyc3",18.17
2017-07-14,5,11,"2","T2-C4a","Cyc3",9.74
2017-07-14,5,11,"2","T2-C4b","Cyc3",11.49
2017-07-14,5,11,"2","T2-C5a","Cyc3",12.89
2017-07-14,5,11,"2","T2-C5b","Cyc3",12.16
2017-07-14,5,11,"2","T2-C6a","Cyc3",14.31
2017-07-14,5,11,"2","T2-C6b","Cyc3",9.06
2017-07-14,5,11,"3","T3-C1a","Constant",14.03
2017-07-14,5,11,"3","T3-C1b","Constant",14.28
2017-07-14,5,11,"3","T3-C2a","Constant",1.13
2017-07-14,5,11,"3","T3-C2b","Constant",17.95
2017-07-14,5,11,"3","T3-C3a","Constant",13.13
2017-07-14,5,11,"3","T3-C3b","Constant",11.54
2017-07-14,5,11,"3","T3-C4a","Constant",11.09
2017-07-14,5,11,"3","T3-C4b","Constant",7.91
2017-07-14,5,11,"3","T3-C5a","Constant",11.77
2017-07-14,5,11,"3","T3-C5b","Constant",8.94
2017-07-14,5,11,"3","T3-C6a","Constant",6.87000000000001
2017-07-14,5,11,"3","T3-C6b","Constant",8.22
2017-07-14,5,11,"4","T4-C1a","Cyc6",5.71
2017-07-14,5,11,"4","T4-C1b","Cyc6",6.87
2017-07-14,5,11,"4","T4-C2a","Cyc6",11.53
2017-07-14,5,11,"4","T4-C2b","Cyc6",8.59
2017-07-14,5,11,"4","T4-C3a","Cyc6",16.09
2017-07-14,5,11,"4","T4-C3b","Cyc6",11.03
2017-07-14,5,11,"4","T4-C4a","Cyc6",10.41
2017-07-14,5,11,"4","T4-C4b","Cyc6",5.57
2017-07-14,5,11,"4","T4-C5a","Cyc6",10.15
2017-07-14,5,11,"4","T4-C5b","Cyc6",15.25
2017-07-14,5,11,"4","T4-C6a","Cyc6",10.64
2017-07-14,5,11,"4","T4-C6b","Cyc6",16.26
2017-07-14,5,11,"9","T5-C1a","Ambient",11.05
2017-07-14,5,11,"9","T5-C1b","Ambient",14.64
2017-07-14,5,11,"9","T5-C2a","Ambient",14.53
2017-07-14,5,11,"9","T5-C2b","Ambient",15.69
2017-07-14,5,11,"9","T5-C3a","Ambient",16.12
2017-07-14,5,11,"9","T5-C3b","Ambient",23.42
2017-07-14,5,11,"9","T5-C4a","Ambient",22.56
2017-07-14,5,11,"9","T5-C4b","Ambient",19.2
2017-07-14,5,11,"9","T5-C5a","Ambient",15.27
2017-07-14,5,11,"9","T5-C5b","Ambient",14.23
2017-07-14,5,11,"9","T5-C6a","Ambient",30.02
2017-07-14,5,11,"9","T5-C6b","Ambient",11.77
2017-07-14,5,11,"10","T6-C1a","Cyc3",10.85
2017-07-14,5,11,"10","T6-C1b","Cyc3",6.58
2017-07-14,5,11,"10","T6-C2a","Cyc3",13.86
2017-07-14,5,11,"10","T6-C2b","Cyc3",11.18
2017-07-14,5,11,"10","T6-C3a","Cyc3",15.21
2017-07-14,5,11,"10","T6-C3b","Cyc3",7.3
2017-07-14,5,11,"10","T6-C4a","Cyc3",8.29
2017-07-14,5,11,"10","T6-C4b","Cyc3",7.48
2017-07-14,5,11,"10","T6-C5a","Cyc3",14.82
2017-07-14,5,11,"10","T6-C5b","Cyc3",15.3
2017-07-14,5,11,"10","T6-C6a","Cyc3",9.32
2017-07-14,5,11,"10","T6-C6b","Cyc3",7.71
2017-07-14,5,11,"11","T7-C1a","Constant",12.18
2017-07-14,5,11,"11","T7-C1b","Constant",10.92
2017-07-14,5,11,"11","T7-C2a","Constant",10.51
2017-07-14,5,11,"11","T7-C2b","Constant",8.56
2017-07-14,5,11,"11","T7-C3a","Constant",9.06
2017-07-14,5,11,"11","T7-C3b","Constant",14.25
2017-07-14,5,11,"11","T7-C4a","Constant",8.45
2017-07-14,5,11,"11","T7-C4b","Constant",6.1
2017-07-14,5,11,"11","T7-C5a","Constant",6.9
2017-07-14,5,11,"11","T7-C5b","Constant",9.93
2017-07-14,5,11,"11","T7-C6a","Constant",7.39
2017-07-14,5,11,"11","T7-C6b","Constant",4.52
2017-07-14,5,11,"12","T8-C1a","Cyc6",16.96
2017-07-14,5,11,"12","T8-C1b","Cyc6",5.61
2017-07-14,5,11,"12","T8-C2a","Cyc6",6.51
2017-07-14,5,11,"12","T8-C2b","Cyc6",9.29
2017-07-14,5,11,"12","T8-C3a","Cyc6",12.71
2017-07-14,5,11,"12","T8-C3b","Cyc6",16.49
2017-07-14,5,11,"12","T8-C4a","Cyc6",12.35
2017-07-14,5,11,"12","T8-C4b","Cyc6",18.32
2017-07-14,5,11,"12","T8-C5a","Cyc6",12.44
2017-07-14,5,11,"12","T8-C5b","Cyc6",11.93
2017-07-14,5,11,"12","T8-C6a","Cyc6",9.3
2017-07-14,5,11,"12","T8-C6b","Cyc6",11.53
2017-07-18,6,15,"1","T1-C1a","Ambient",17.08
2017-07-18,6,15,"1","T1-C1b","Ambient",24.8
2017-07-18,6,15,"1","T1-C2a","Ambient",17.01
2017-07-18,6,15,"1","T1-C2b","Ambient",23.05
2017-07-18,6,15,"1","T1-C3a","Ambient",20.62
2017-07-18,6,15,"1","T1-C3b","Ambient",11.31
2017-07-18,6,15,"1","T1-C4a","Ambient",21.43
2017-07-18,6,15,"1","T1-C4b","Ambient",11.79
2017-07-18,6,15,"1","T1-C5a","Ambient",19.54
2017-07-18,6,15,"1","T1-C5b","Ambient",30.02
2017-07-18,6,15,"1","T1-C6a","Ambient",29.44
2017-07-18,6,15,"1","T1-C6b","Ambient",26.07
2017-07-18,6,15,"2","T2-C1a","Cyc3",21.1
2017-07-18,6,15,"2","T2-C1b","Cyc3",22.01
2017-07-18,6,15,"2","T2-C2a","Cyc3",25.61
2017-07-18,6,15,"2","T2-C2b","Cyc3",7.32
2017-07-18,6,15,"2","T2-C3a","Cyc3",13.78
2017-07-18,6,15,"2","T2-C3b","Cyc3",21.64
2017-07-18,6,15,"2","T2-C4a","Cyc3",12.13
2017-07-18,6,15,"2","T2-C4b","Cyc3",15.81
2017-07-18,6,15,"2","T2-C5a","Cyc3",18.3
2017-07-18,6,15,"2","T2-C5b","Cyc3",16.97
2017-07-18,6,15,"2","T2-C6a","Cyc3",18.92
2017-07-18,6,15,"2","T2-C6b","Cyc3",9.52
2017-07-18,6,15,"3","T3-C1a","Constant",22.23
2017-07-18,6,15,"3","T3-C1b","Constant",18.57
2017-07-18,6,15,"3","T3-C2a","Constant",4.13
2017-07-18,6,15,"3","T3-C2b","Constant",22.33
2017-07-18,6,15,"3","T3-C3a","Constant",13.13
2017-07-18,6,15,"3","T3-C3b","Constant",17.59
2017-07-18,6,15,"3","T3-C4a","Constant",16.74
2017-07-18,6,15,"3","T3-C4b","Constant",9.14
2017-07-18,6,15,"3","T3-C5a","Constant",16.12
2017-07-18,6,15,"3","T3-C5b","Constant",16.42
2017-07-18,6,15,"3","T3-C6a","Constant",11.71
2017-07-18,6,15,"3","T3-C6b","Constant",10.21
2017-07-18,6,15,"4","T4-C1a","Cyc6",8.59
2017-07-18,6,15,"4","T4-C1b","Cyc6",7.46
2017-07-18,6,15,"4","T4-C2a","Cyc6",13.29
2017-07-18,6,15,"4","T4-C2b","Cyc6",12.26
2017-07-18,6,15,"4","T4-C3a","Cyc6",22.24
2017-07-18,6,15,"4","T4-C3b","Cyc6",12.69
2017-07-18,6,15,"4","T4-C4a","Cyc6",13.12
2017-07-18,6,15,"4","T4-C4b","Cyc6",6.47
2017-07-18,6,15,"4","T4-C5a","Cyc6",18.17
2017-07-18,6,15,"4","T4-C5b","Cyc6",18.38
2017-07-18,6,15,"4","T4-C6a","Cyc6",18.05
2017-07-18,6,15,"4","T4-C6b","Cyc6",22.91
2017-07-18,6,15,"9","T5-C1a","Ambient",13.65
2017-07-18,6,15,"9","T5-C1b","Ambient",16.44
2017-07-18,6,15,"9","T5-C2a","Ambient",16.52
2017-07-18,6,15,"9","T5-C2b","Ambient",21.21
2017-07-18,6,15,"9","T5-C3a","Ambient",20.99
2017-07-18,6,15,"9","T5-C3b","Ambient",27.07
2017-07-18,6,15,"9","T5-C4a","Ambient",24.74
2017-07-18,6,15,"9","T5-C4b","Ambient",22.34
2017-07-18,6,15,"9","T5-C5a","Ambient",17.99
2017-07-18,6,15,"9","T5-C5b","Ambient",17.29
2017-07-18,6,15,"9","T5-C6a","Ambient",36.86
2017-07-18,6,15,"9","T5-C6b","Ambient",15.25
2017-07-18,6,15,"10","T6-C1a","Cyc3",14.61
2017-07-18,6,15,"10","T6-C1b","Cyc3",11.91
2017-07-18,6,15,"10","T6-C2a","Cyc3",18.77
2017-07-18,6,15,"10","T6-C2b","Cyc3",13.24
2017-07-18,6,15,"10","T6-C3a","Cyc3",23.17
2017-07-18,6,15,"10","T6-C3b","Cyc3",11.13
2017-07-18,6,15,"10","T6-C4a","Cyc3",11.1
2017-07-18,6,15,"10","T6-C4b","Cyc3",10.17
2017-07-18,6,15,"10","T6-C5a","Cyc3",20.99
2017-07-18,6,15,"10","T6-C5b","Cyc3",19.98
2017-07-18,6,15,"10","T6-C6a","Cyc3",16.43
2017-07-18,6,15,"10","T6-C6b","Cyc3",9.92
2017-07-18,6,15,"11","T7-C1a","Constant",16.47
2017-07-18,6,15,"11","T7-C1b","Constant",14.2
2017-07-18,6,15,"11","T7-C2a","Constant",15.89
2017-07-18,6,15,"11","T7-C2b","Constant",11.21
2017-07-18,6,15,"11","T7-C3a","Constant",12.93
2017-07-18,6,15,"11","T7-C3b","Constant",17.56
2017-07-18,6,15,"11","T7-C4a","Constant",10.44
2017-07-18,6,15,"11","T7-C4b","Constant",6.62000000000001
2017-07-18,6,15,"11","T7-C5a","Constant",8.88999999999999
2017-07-18,6,15,"11","T7-C5b","Constant",10.74
2017-07-18,6,15,"11","T7-C6a","Constant",11.62
2017-07-18,6,15,"11","T7-C6b","Constant",10.78
2017-07-18,6,15,"12","T8-C1a","Cyc6",25.35
2017-07-18,6,15,"12","T8-C1b","Cyc6",8.26999999999999
2017-07-18,6,15,"12","T8-C2a","Cyc6",10.3
2017-07-18,6,15,"12","T8-C2b","Cyc6",11.15
2017-07-18,6,15,"12","T8-C3a","Cyc6",16.79
2017-07-18,6,15,"12","T8-C3b","Cyc6",21.58
2017-07-18,6,15,"12","T8-C4a","Cyc6",15.84
2017-07-18,6,15,"12","T8-C4b","Cyc6",23.77
2017-07-18,6,15,"12","T8-C5a","Cyc6",14.48
2017-07-18,6,15,"12","T8-C5b","Cyc6",13.27
2017-07-18,6,15,"12","T8-C6a","Cyc6",13.46
2017-07-18,6,15,"12","T8-C6b","Cyc6",19
2017-07-23,7,20,"1","T1-C1a","Ambient",26.37
2017-07-23,7,20,"1","T1-C1b","Ambient",34.71
2017-07-23,7,20,"1","T1-C2a","Ambient",23.43
2017-07-23,7,20,"1","T1-C2b","Ambient",29.24
2017-07-23,7,20,"1","T1-C3a","Ambient",28.87
2017-07-23,7,20,"1","T1-C3b","Ambient",16.9
2017-07-23,7,20,"1","T1-C4a","Ambient",28.18
2017-07-23,7,20,"1","T1-C4b","Ambient",18.07
2017-07-23,7,20,"1","T1-C5a","Ambient",32.07
2017-07-23,7,20,"1","T1-C5b","Ambient",41.02
2017-07-23,7,20,"1","T1-C6a","Ambient",37.9
2017-07-23,7,20,"1","T1-C6b","Ambient",34.2
2017-07-23,7,20,"2","T2-C1a","Cyc3",31.05
2017-07-23,7,20,"2","T2-C1b","Cyc3",28.82
2017-07-23,7,20,"2","T2-C2a","Cyc3",33.09
2017-07-23,7,20,"2","T2-C2b","Cyc3",11.48
2017-07-23,7,20,"2","T2-C3a","Cyc3",22.59
2017-07-23,7,20,"2","T2-C3b","Cyc3",26.17
2017-07-23,7,20,"2","T2-C4a","Cyc3",15.68
2017-07-23,7,20,"2","T2-C4b","Cyc3",23.14
2017-07-23,7,20,"2","T2-C5a","Cyc3",22.14
2017-07-23,7,20,"2","T2-C5b","Cyc3",26.83
2017-07-23,7,20,"2","T2-C6a","Cyc3",25.29
2017-07-23,7,20,"2","T2-C6b","Cyc3",12.58
2017-07-23,7,20,"3","T3-C1a","Constant",28.41
2017-07-23,7,20,"3","T3-C1b","Constant",24.5
2017-07-23,7,20,"3","T3-C2a","Constant",5.57
2017-07-23,7,20,"3","T3-C2b","Constant",24.77
2017-07-23,7,20,"3","T3-C3a","Constant",16.12
2017-07-23,7,20,"3","T3-C3b","Constant",25.37
2017-07-23,7,20,"3","T3-C4a","Constant",23.99
2017-07-23,7,20,"3","T3-C4b","Constant",15.77
2017-07-23,7,20,"3","T3-C5a","Constant",23.7
2017-07-23,7,20,"3","T3-C5b","Constant",25.93
2017-07-23,7,20,"3","T3-C6a","Constant",19
2017-07-23,7,20,"3","T3-C6b","Constant",14.49
2017-07-23,7,20,"4","T4-C1a","Cyc6",13.16
2017-07-23,7,20,"4","T4-C1b","Cyc6",11.75
2017-07-23,7,20,"4","T4-C2a","Cyc6",17.66
2017-07-23,7,20,"4","T4-C2b","Cyc6",15.12
2017-07-23,7,20,"4","T4-C3a","Cyc6",29.33
2017-07-23,7,20,"4","T4-C3b","Cyc6",21.5
2017-07-23,7,20,"4","T4-C4a","Cyc6",21.46
2017-07-23,7,20,"4","T4-C4b","Cyc6",13.87
2017-07-23,7,20,"4","T4-C5a","Cyc6",26.11
2017-07-23,7,20,"4","T4-C5b","Cyc6",26.37
2017-07-23,7,20,"4","T4-C6a","Cyc6",21.38
2017-07-23,7,20,"4","T4-C6b","Cyc6",32.19
2017-07-23,7,20,"9","T5-C1a","Ambient",21.02
2017-07-23,7,20,"9","T5-C1b","Ambient",19.99
2017-07-23,7,20,"9","T5-C2a","Ambient",22.2
2017-07-23,7,20,"9","T5-C2b","Ambient",27.68
2017-07-23,7,20,"9","T5-C3a","Ambient",26.01
2017-07-23,7,20,"9","T5-C3b","Ambient",32.18
2017-07-23,7,20,"9","T5-C4a","Ambient",34.05
2017-07-23,7,20,"9","T5-C4b","Ambient",27.51
2017-07-23,7,20,"9","T5-C5a","Ambient",25.78
2017-07-23,7,20,"9","T5-C5b","Ambient",30.45
2017-07-23,7,20,"9","T5-C6a","Ambient",50.47
2017-07-23,7,20,"9","T5-C6b","Ambient",24.22
2017-07-23,7,20,"10","T6-C1a","Cyc3",23.23
2017-07-23,7,20,"10","T6-C1b","Cyc3",15.52
2017-07-23,7,20,"10","T6-C2a","Cyc3",22.88
2017-07-23,7,20,"10","T6-C2b","Cyc3",19.4
2017-07-23,7,20,"10","T6-C3a","Cyc3",28.57
2017-07-23,7,20,"10","T6-C3b","Cyc3",16.37
2017-07-23,7,20,"10","T6-C4a","Cyc3",16.47
2017-07-23,7,20,"10","T6-C4b","Cyc3",15.54
2017-07-23,7,20,"10","T6-C5a","Cyc3",23.22
2017-07-23,7,20,"10","T6-C5b","Cyc3",27.5
2017-07-23,7,20,"10","T6-C6a","Cyc3",21.03
2017-07-23,7,20,"10","T6-C6b","Cyc3",12.96
2017-07-23,7,20,"11","T7-C1a","Constant",19.67
2017-07-23,7,20,"11","T7-C1b","Constant",23.31
2017-07-23,7,20,"11","T7-C2a","Constant",23.43
2017-07-23,7,20,"11","T7-C2b","Constant",15.36
2017-07-23,7,20,"11","T7-C3a","Constant",21.23
2017-07-23,7,20,"11","T7-C3b","Constant",23.91
2017-07-23,7,20,"11","T7-C4a","Constant",16.42
2017-07-23,7,20,"11","T7-C4b","Constant",11.33
2017-07-23,7,20,"11","T7-C5a","Constant",11
2017-07-23,7,20,"11","T7-C5b","Constant",17.92
2017-07-23,7,20,"11","T7-C6a","Constant",19.07
2017-07-23,7,20,"11","T7-C6b","Constant",15.99
2017-07-23,7,20,"12","T8-C1a","Cyc6",31.47
2017-07-23,7,20,"12","T8-C1b","Cyc6",14.45
2017-07-23,7,20,"12","T8-C2a","Cyc6",14.89
2017-07-23,7,20,"12","T8-C2b","Cyc6",18.24
2017-07-23,7,20,"12","T8-C3a","Cyc6",25.12
2017-07-23,7,20,"12","T8-C3b","Cyc6",32.6
2017-07-23,7,20,"12","T8-C4a","Cyc6",20.04
2017-07-23,7,20,"12","T8-C4b","Cyc6",27.92
2017-07-23,7,20,"12","T8-C5a","Cyc6",18.08
2017-07-23,7,20,"12","T8-C5b","Cyc6",19.25
2017-07-23,7,20,"12","T8-C6a","Cyc6",19.92
2017-07-23,7,20,"12","T8-C6b","Cyc6",27.64
2017-07-25,8,22,"1","T1-C1a","Ambient",28.87
2017-07-25,8,22,"1","T1-C1b","Ambient",38.39
2017-07-25,8,22,"1","T1-C2a","Ambient",24.84
2017-07-25,8,22,"1","T1-C2b","Ambient",31.9
2017-07-25,8,22,"1","T1-C3a","Ambient",33.99
2017-07-25,8,22,"1","T1-C3b","Ambient",20.08
2017-07-25,8,22,"1","T1-C4a","Ambient",31.55
2017-07-25,8,22,"1","T1-C4b","Ambient",22.61
2017-07-25,8,22,"1","T1-C5a","Ambient",34.31
2017-07-25,8,22,"1","T1-C5b","Ambient",43.46
2017-07-25,8,22,"1","T1-C6a","Ambient",41.76
2017-07-25,8,22,"1","T1-C6b","Ambient",34.66
2017-07-25,8,22,"2","T2-C1a","Cyc3",33.14
2017-07-25,8,22,"2","T2-C1b","Cyc3",34.3
2017-07-25,8,22,"2","T2-C2a","Cyc3",37.69
2017-07-25,8,22,"2","T2-C2b","Cyc3",13.22
2017-07-25,8,22,"2","T2-C3a","Cyc3",23.32
2017-07-25,8,22,"2","T2-C3b","Cyc3",26.69
2017-07-25,8,22,"2","T2-C4a","Cyc3",17.47
2017-07-25,8,22,"2","T2-C4b","Cyc3",24.25
2017-07-25,8,22,"2","T2-C5a","Cyc3",24.37
2017-07-25,8,22,"2","T2-C5b","Cyc3",29.92
2017-07-25,8,22,"2","T2-C6a","Cyc3",27.85
2017-07-25,8,22,"2","T2-C6b","Cyc3",15.21
2017-07-25,8,22,"3","T3-C1a","Constant",31.63
2017-07-25,8,22,"3","T3-C1b","Constant",24.5
2017-07-25,8,22,"3","T3-C2a","Constant",6.73
2017-07-25,8,22,"3","T3-C2b","Constant",26.78
2017-07-25,8,22,"3","T3-C3a","Constant",19.28
2017-07-25,8,22,"3","T3-C3b","Constant",25.37
2017-07-25,8,22,"3","T3-C4a","Constant",24.27
2017-07-25,8,22,"3","T3-C4b","Constant",19.36
2017-07-25,8,22,"3","T3-C5a","Constant",25.52
2017-07-25,8,22,"3","T3-C5b","Constant",26.1
2017-07-25,8,22,"3","T3-C6a","Constant",19.17
2017-07-25,8,22,"3","T3-C6b","Constant",16.65
2017-07-25,8,22,"4","T4-C1a","Cyc6",15.22
2017-07-25,8,22,"4","T4-C1b","Cyc6",14.26
2017-07-25,8,22,"4","T4-C2a","Cyc6",17.9
2017-07-25,8,22,"4","T4-C2b","Cyc6",16.9
2017-07-25,8,22,"4","T4-C3a","Cyc6",33.71
2017-07-25,8,22,"4","T4-C3b","Cyc6",26.32
2017-07-25,8,22,"4","T4-C4a","Cyc6",23.35
2017-07-25,8,22,"4","T4-C4b","Cyc6",18.27
2017-07-25,8,22,"4","T4-C5a","Cyc6",28.9
2017-07-25,8,22,"4","T4-C5b","Cyc6",28.57
2017-07-25,8,22,"4","T4-C6a","Cyc6",21.74
2017-07-25,8,22,"4","T4-C6b","Cyc6",35.2
2017-07-25,8,22,"9","T5-C1a","Ambient",22.79
2017-07-25,8,22,"9","T5-C1b","Ambient",21.96
2017-07-25,8,22,"9","T5-C2a","Ambient",26.45
2017-07-25,8,22,"9","T5-C2b","Ambient",27.68
2017-07-25,8,22,"9","T5-C3a","Ambient",28.56
2017-07-25,8,22,"9","T5-C3b","Ambient",32.9
2017-07-25,8,22,"9","T5-C4a","Ambient",38.32
2017-07-25,8,22,"9","T5-C4b","Ambient",32.39
2017-07-25,8,22,"9","T5-C5a","Ambient",28.18
2017-07-25,8,22,"9","T5-C5b","Ambient",31.4
2017-07-25,8,22,"9","T5-C6a","Ambient",53.53
2017-07-25,8,22,"9","T5-C6b","Ambient",27.57
2017-07-25,8,22,"10","T6-C1a","Cyc3",25.16
2017-07-25,8,22,"10","T6-C1b","Cyc3",17.31
2017-07-25,8,22,"10","T6-C2a","Cyc3",24.36
2017-07-25,8,22,"10","T6-C2b","Cyc3",21.86
2017-07-25,8,22,"10","T6-C3a","Cyc3",29.62
2017-07-25,8,22,"10","T6-C3b","Cyc3",18.02
2017-07-25,8,22,"10","T6-C4a","Cyc3",17.48
2017-07-25,8,22,"10","T6-C4b","Cyc3",16.34
2017-07-25,8,22,"10","T6-C5a","Cyc3",24.39
2017-07-25,8,22,"10","T6-C5b","Cyc3",32.76
2017-07-25,8,22,"10","T6-C6a","Cyc3",26.01
2017-07-25,8,22,"10","T6-C6b","Cyc3",15.42
2017-07-25,8,22,"11","T7-C1a","Constant",19.67
2017-07-25,8,22,"11","T7-C1b","Constant",25.08
2017-07-25,8,22,"11","T7-C2a","Constant",24.39
2017-07-25,8,22,"11","T7-C2b","Constant",19.13
2017-07-25,8,22,"11","T7-C3a","Constant",24.75
2017-07-25,8,22,"11","T7-C3b","Constant",26.44
2017-07-25,8,22,"11","T7-C4a","Constant",19.04
2017-07-25,8,22,"11","T7-C4b","Constant",11.98
2017-07-25,8,22,"11","T7-C5a","Constant",11
2017-07-25,8,22,"11","T7-C5b","Constant",18.35
2017-07-25,8,22,"11","T7-C6a","Constant",19.95
2017-07-25,8,22,"11","T7-C6b","Constant",16.49
2017-07-25,8,22,"12","T8-C1a","Cyc6",35.24
2017-07-25,8,22,"12","T8-C1b","Cyc6",16.69
2017-07-25,8,22,"12","T8-C2a","Cyc6",16.41
2017-07-25,8,22,"12","T8-C2b","Cyc6",22.36
2017-07-25,8,22,"12","T8-C3a","Cyc6",27.44
2017-07-25,8,22,"12","T8-C3b","Cyc6",34.11
2017-07-25,8,22,"12","T8-C4a","Cyc6",23.03
2017-07-25,8,22,"12","T8-C4b","Cyc6",32.52
2017-07-25,8,22,"12","T8-C5a","Cyc6",20.57
2017-07-25,8,22,"12","T8-C5b","Cyc6",22.69
2017-07-25,8,22,"12","T8-C6a","Cyc6",23.52
2017-07-25,8,22,"12","T8-C6b","Cyc6",32.18
2017-07-28,9,25,"1","T1-C1a","Ambient",37.6
2017-07-28,9,25,"1","T1-C1b","Ambient",43
2017-07-28,9,25,"1","T1-C2a","Ambient",29.28
2017-07-28,9,25,"1","T1-C2b","Ambient",38.31
2017-07-28,9,25,"1","T1-C3a","Ambient",43.93
2017-07-28,9,25,"1","T1-C3b","Ambient",21.55
2017-07-28,9,25,"1","T1-C4a","Ambient",35.24
2017-07-28,9,25,"1","T1-C4b","Ambient",26.21
2017-07-28,9,25,"1","T1-C5a","Ambient",42.4
2017-07-28,9,25,"1","T1-C5b","Ambient",45.96
2017-07-28,9,25,"1","T1-C6a","Ambient",50.52
2017-07-28,9,25,"1","T1-C6b","Ambient",43.42
2017-07-28,9,25,"2","T2-C1a","Cyc3",37.34
2017-07-28,9,25,"2","T2-C1b","Cyc3",42.53
2017-07-28,9,25,"2","T2-C2a","Cyc3",44.38
2017-07-28,9,25,"2","T2-C2b","Cyc3",19.12
2017-07-28,9,25,"2","T2-C3a","Cyc3",27.53
2017-07-28,9,25,"2","T2-C3b","Cyc3",35.82
2017-07-28,9,25,"2","T2-C4a","Cyc3",24.85
2017-07-28,9,25,"2","T2-C4b","Cyc3",31.69
2017-07-28,9,25,"2","T2-C5a","Cyc3",28.73
2017-07-28,9,25,"2","T2-C5b","Cyc3",33.98
2017-07-28,9,25,"2","T2-C6a","Cyc3",32.5
2017-07-28,9,25,"2","T2-C6b","Cyc3",17.54
2017-07-28,9,25,"3","T3-C1a","Constant",35.8
2017-07-28,9,25,"3","T3-C1b","Constant",27.84
2017-07-28,9,25,"3","T3-C2a","Constant",8.05
2017-07-28,9,25,"3","T3-C2b","Constant",32.4
2017-07-28,9,25,"3","T3-C3a","Constant",25.88
2017-07-28,9,25,"3","T3-C3b","Constant",27.68
2017-07-28,9,25,"3","T3-C4a","Constant",26.41
2017-07-28,9,25,"3","T3-C4b","Constant",24.32
2017-07-28,9,25,"3","T3-C5a","Constant",28.36
2017-07-28,9,25,"3","T3-C5b","Constant",29.37
2017-07-28,9,25,"3","T3-C6a","Constant",23.88
2017-07-28,9,25,"3","T3-C6b","Constant",18.83
2017-07-28,9,25,"4","T4-C1a","Cyc6",18.54
2017-07-28,9,25,"4","T4-C1b","Cyc6",17.81
2017-07-28,9,25,"4","T4-C2a","Cyc6",19.38
2017-07-28,9,25,"4","T4-C2b","Cyc6",21.65
2017-07-28,9,25,"4","T4-C3a","Cyc6",39.88
2017-07-28,9,25,"4","T4-C3b","Cyc6",32.05
2017-07-28,9,25,"4","T4-C4a","Cyc6",27.24
2017-07-28,9,25,"4","T4-C4b","Cyc6",21.07
2017-07-28,9,25,"4","T4-C5a","Cyc6",34.23
2017-07-28,9,25,"4","T4-C5b","Cyc6",35.62
2017-07-28,9,25,"4","T4-C6a","Cyc6",24.46
2017-07-28,9,25,"4","T4-C6b","Cyc6",43.9
2017-07-28,9,25,"9","T5-C1a","Ambient",31.43
2017-07-28,9,25,"9","T5-C1b","Ambient",25.38
2017-07-28,9,25,"9","T5-C2a","Ambient",34.01
2017-07-28,9,25,"9","T5-C2b","Ambient",30.76
2017-07-28,9,25,"9","T5-C3a","Ambient",33.65
2017-07-28,9,25,"9","T5-C3b","Ambient",36.14
2017-07-28,9,25,"9","T5-C4a","Ambient",44.97
2017-07-28,9,25,"9","T5-C4b","Ambient",36.31
2017-07-28,9,25,"9","T5-C5a","Ambient",37.64
2017-07-28,9,25,"9","T5-C5b","Ambient",35.29
2017-07-28,9,25,"9","T5-C6a","Ambient",62.45
2017-07-28,9,25,"9","T5-C6b","Ambient",34.69
2017-07-28,9,25,"10","T6-C1a","Cyc3",29.97
2017-07-28,9,25,"10","T6-C1b","Cyc3",21.63
2017-07-28,9,25,"10","T6-C2a","Cyc3",29.08
2017-07-28,9,25,"10","T6-C2b","Cyc3",26.26
2017-07-28,9,25,"10","T6-C3a","Cyc3",32.51
2017-07-28,9,25,"10","T6-C3b","Cyc3",23.67
2017-07-28,9,25,"10","T6-C4a","Cyc3",24.52
2017-07-28,9,25,"10","T6-C4b","Cyc3",19.8
2017-07-28,9,25,"10","T6-C5a","Cyc3",26.11
2017-07-28,9,25,"10","T6-C5b","Cyc3",38.92
2017-07-28,9,25,"10","T6-C6a","Cyc3",29.71
2017-07-28,9,25,"10","T6-C6b","Cyc3",17.53
2017-07-28,9,25,"11","T7-C1a","Constant",19.9
2017-07-28,9,25,"11","T7-C1b","Constant",28.22
2017-07-28,9,25,"11","T7-C2a","Constant",27.45
2017-07-28,9,25,"11","T7-C2b","Constant",26.64
2017-07-28,9,25,"11","T7-C3a","Constant",27.98
2017-07-28,9,25,"11","T7-C3b","Constant",31.47
2017-07-28,9,25,"11","T7-C4a","Constant",25.37
2017-07-28,9,25,"11","T7-C4b","Constant",14.81
2017-07-28,9,25,"11","T7-C5a","Constant",13.5
2017-07-28,9,25,"11","T7-C5b","Constant",25.42
2017-07-28,9,25,"11","T7-C6a","Constant",23.17
2017-07-28,9,25,"11","T7-C6b","Constant",21.65
2017-07-28,9,25,"12","T8-C1a","Cyc6",39.99
2017-07-28,9,25,"12","T8-C1b","Cyc6",21.37
2017-07-28,9,25,"12","T8-C2a","Cyc6",16.76
2017-07-28,9,25,"12","T8-C2b","Cyc6",24.61
2017-07-28,9,25,"12","T8-C3a","Cyc6",31.37
2017-07-28,9,25,"12","T8-C3b","Cyc6",37.29
2017-07-28,9,25,"12","T8-C4a","Cyc6",34.15
2017-07-28,9,25,"12","T8-C4b","Cyc6",35.91
2017-07-28,9,25,"12","T8-C5a","Cyc6",25.89
2017-07-28,9,25,"12","T8-C5b","Cyc6",29.71
2017-07-28,9,25,"12","T8-C6a","Cyc6",26.77
2017-07-28,9,25,"12","T8-C6b","Cyc6",37.06
2017-08-01,10,29,"1","T1-C1a","Ambient",40.96
2017-08-01,10,29,"1","T1-C1b","Ambient",47.5
2017-08-01,10,29,"1","T1-C2a","Ambient",34.06
2017-08-01,10,29,"1","T1-C2b","Ambient",43.92
2017-08-01,10,29,"1","T1-C3a","Ambient",49.98
2017-08-01,10,29,"1","T1-C3b","Ambient",27.97
2017-08-01,10,29,"1","T1-C4a","Ambient",40.28
2017-08-01,10,29,"1","T1-C4b","Ambient",32.18
2017-08-01,10,29,"1","T1-C5a","Ambient",48.2
2017-08-01,10,29,"1","T1-C5b","Ambient",49.03
2017-08-01,10,29,"1","T1-C6a","Ambient",59.06
2017-08-01,10,29,"1","T1-C6b","Ambient",49.07
2017-08-01,10,29,"2","T2-C1a","Cyc3",38.91
2017-08-01,10,29,"2","T2-C1b","Cyc3",50.07
2017-08-01,10,29,"2","T2-C2a","Cyc3",52.6
2017-08-01,10,29,"2","T2-C2b","Cyc3",22.7
2017-08-01,10,29,"2","T2-C3a","Cyc3",29.7
2017-08-01,10,29,"2","T2-C3b","Cyc3",40.99
2017-08-01,10,29,"2","T2-C4a","Cyc3",26.58
2017-08-01,10,29,"2","T2-C4b","Cyc3",39.05
2017-08-01,10,29,"2","T2-C5a","Cyc3",31.72
2017-08-01,10,29,"2","T2-C5b","Cyc3",39.89
2017-08-01,10,29,"2","T2-C6a","Cyc3",36.94
2017-08-01,10,29,"2","T2-C6b","Cyc3",19.53
2017-08-01,10,29,"3","T3-C1a","Constant",39.71
2017-08-01,10,29,"3","T3-C1b","Constant",29.16
2017-08-01,10,29,"3","T3-C2a","Constant",12.44
2017-08-01,10,29,"3","T3-C2b","Constant",37.74
2017-08-01,10,29,"3","T3-C3a","Constant",30.74
2017-08-01,10,29,"3","T3-C3b","Constant",29.09
2017-08-01,10,29,"3","T3-C4a","Constant",30.77
2017-08-01,10,29,"3","T3-C4b","Constant",27.09
2017-08-01,10,29,"3","T3-C5a","Constant",31.96
2017-08-01,10,29,"3","T3-C5b","Constant",32.34
2017-08-01,10,29,"3","T3-C6a","Constant",28.19
2017-08-01,10,29,"3","T3-C6b","Constant",22.37
2017-08-01,10,29,"4","T4-C1a","Cyc6",24.24
2017-08-01,10,29,"4","T4-C1b","Cyc6",21.5
2017-08-01,10,29,"4","T4-C2a","Cyc6",23.48
2017-08-01,10,29,"4","T4-C2b","Cyc6",24.94
2017-08-01,10,29,"4","T4-C3a","Cyc6",46.4
2017-08-01,10,29,"4","T4-C3b","Cyc6",38.93
2017-08-01,10,29,"4","T4-C4a","Cyc6",31.63
2017-08-01,10,29,"4","T4-C4b","Cyc6",26.04
2017-08-01,10,29,"4","T4-C5a","Cyc6",41.79
2017-08-01,10,29,"4","T4-C5b","Cyc6",44.47
2017-08-01,10,29,"4","T4-C6a","Cyc6",27.03
2017-08-01,10,29,"4","T4-C6b","Cyc6",51.68
2017-08-01,10,29,"9","T5-C1a","Ambient",35.39
2017-08-01,10,29,"9","T5-C1b","Ambient",30.28
2017-08-01,10,29,"9","T5-C2a","Ambient",39.15
2017-08-01,10,29,"9","T5-C2b","Ambient",33.93
2017-08-01,10,29,"9","T5-C3a","Ambient",38.24
2017-08-01,10,29,"9","T5-C3b","Ambient",40.16
2017-08-01,10,29,"9","T5-C4a","Ambient",48.52
2017-08-01,10,29,"9","T5-C4b","Ambient",39.97
2017-08-01,10,29,"9","T5-C5a","Ambient",41
2017-08-01,10,29,"9","T5-C5b","Ambient",38.99
2017-08-01,10,29,"9","T5-C6a","Ambient",70.72
2017-08-01,10,29,"9","T5-C6b","Ambient",38.36
2017-08-01,10,29,"10","T6-C1a","Cyc3",34.45
2017-08-01,10,29,"10","T6-C1b","Cyc3",24.8
2017-08-01,10,29,"10","T6-C2a","Cyc3",33.38
2017-08-01,10,29,"10","T6-C2b","Cyc3",27.62
2017-08-01,10,29,"10","T6-C3a","Cyc3",36.44
2017-08-01,10,29,"10","T6-C3b","Cyc3",27.23
2017-08-01,10,29,"10","T6-C4a","Cyc3",29.75
2017-08-01,10,29,"10","T6-C4b","Cyc3",24.55
2017-08-01,10,29,"10","T6-C5a","Cyc3",30.15
2017-08-01,10,29,"10","T6-C5b","Cyc3",46.47
2017-08-01,10,29,"10","T6-C6a","Cyc3",34.92
2017-08-01,10,29,"10","T6-C6b","Cyc3",22.45
2017-08-01,10,29,"11","T7-C1a","Constant",20.7
2017-08-01,10,29,"11","T7-C1b","Constant",33.7
2017-08-01,10,29,"11","T7-C2a","Constant",29.96
2017-08-01,10,29,"11","T7-C2b","Constant",30.89
2017-08-01,10,29,"11","T7-C3a","Constant",30.91
2017-08-01,10,29,"11","T7-C3b","Constant",36.51
2017-08-01,10,29,"11","T7-C4a","Constant",28.93
2017-08-01,10,29,"11","T7-C4b","Constant",17.11
2017-08-01,10,29,"11","T7-C5a","Constant",15.37
2017-08-01,10,29,"11","T7-C5b","Constant",28.52
2017-08-01,10,29,"11","T7-C6a","Constant",29.34
2017-08-01,10,29,"11","T7-C6b","Constant",24.85
2017-08-01,10,29,"12","T8-C1a","Cyc6",45.16
2017-08-01,10,29,"12","T8-C1b","Cyc6",25.31
2017-08-01,10,29,"12","T8-C2a","Cyc6",20.57
2017-08-01,10,29,"12","T8-C2b","Cyc6",29.69
2017-08-01,10,29,"12","T8-C3a","Cyc6",35.44
2017-08-01,10,29,"12","T8-C3b","Cyc6",42.56
2017-08-01,10,29,"12","T8-C4a","Cyc6",39.12
2017-08-01,10,29,"12","T8-C4b","Cyc6",41.66
2017-08-01,10,29,"12","T8-C5a","Cyc6",30.28
2017-08-01,10,29,"12","T8-C5b","Cyc6",34.38
2017-08-01,10,29,"12","T8-C6a","Cyc6",31.11
2017-08-01,10,29,"12","T8-C6b","Cyc6",41.97
2017-08-04,11,32,"1","T1-C1a","Ambient",45.89
2017-08-04,11,32,"1","T1-C1b","Ambient",52.2
2017-08-04,11,32,"1","T1-C2a","Ambient",37.18
2017-08-04,11,32,"1","T1-C2b","Ambient",47.9
2017-08-04,11,32,"1","T1-C3a","Ambient",53.49
2017-08-04,11,32,"1","T1-C3b","Ambient",31.39
2017-08-04,11,32,"1","T1-C4a","Ambient",46.32
2017-08-04,11,32,"1","T1-C4b","Ambient",36.22
2017-08-04,11,32,"1","T1-C5a","Ambient",55.71
2017-08-04,11,32,"1","T1-C5b","Ambient",55.04
2017-08-04,11,32,"1","T1-C6a","Ambient",67.67
2017-08-04,11,32,"1","T1-C6b","Ambient",53.35
2017-08-04,11,32,"2","T2-C1a","Cyc3",41.85
2017-08-04,11,32,"2","T2-C1b","Cyc3",57.28
2017-08-04,11,32,"2","T2-C2a","Cyc3",61.29
2017-08-04,11,32,"2","T2-C2b","Cyc3",28.08
2017-08-04,11,32,"2","T2-C3a","Cyc3",32.26
2017-08-04,11,32,"2","T2-C3b","Cyc3",43.96
2017-08-04,11,32,"2","T2-C4a","Cyc3",30.72
2017-08-04,11,32,"2","T2-C4b","Cyc3",43.09
2017-08-04,11,32,"2","T2-C5a","Cyc3",33.29
2017-08-04,11,32,"2","T2-C5b","Cyc3",42.78
2017-08-04,11,32,"2","T2-C6a","Cyc3",40.44
2017-08-04,11,32,"2","T2-C6b","Cyc3",21.1
2017-08-04,11,32,"3","T3-C1a","Constant",44.07
2017-08-04,11,32,"3","T3-C1b","Constant",31.66
2017-08-04,11,32,"3","T3-C2a","Constant",15.04
2017-08-04,11,32,"3","T3-C2b","Constant",42.03
2017-08-04,11,32,"3","T3-C3a","Constant",36.31
2017-08-04,11,32,"3","T3-C3b","Constant",30.32
2017-08-04,11,32,"3","T3-C4a","Constant",36.16
2017-08-04,11,32,"3","T3-C4b","Constant",31.93
2017-08-04,11,32,"3","T3-C5a","Constant",37.11
2017-08-04,11,32,"3","T3-C5b","Constant",35.07
2017-08-04,11,32,"3","T3-C6a","Constant",30.6
2017-08-04,11,32,"3","T3-C6b","Constant",24.24
2017-08-04,11,32,"4","T4-C1a","Cyc6",26.16
2017-08-04,11,32,"4","T4-C1b","Cyc6",24.81
2017-08-04,11,32,"4","T4-C2a","Cyc6",25.75
2017-08-04,11,32,"4","T4-C2b","Cyc6",26.17
2017-08-04,11,32,"4","T4-C3a","Cyc6",50.97
2017-08-04,11,32,"4","T4-C3b","Cyc6",44.2
2017-08-04,11,32,"4","T4-C4a","Cyc6",36.79
2017-08-04,11,32,"4","T4-C4b","Cyc6",31.62
2017-08-04,11,32,"4","T4-C5a","Cyc6",45.71
2017-08-04,11,32,"4","T4-C5b","Cyc6",47.26
2017-08-04,11,32,"4","T4-C6a","Cyc6",29.81
2017-08-04,11,32,"4","T4-C6b","Cyc6",55.55
2017-08-04,11,32,"9","T5-C1a","Ambient",38.51
2017-08-04,11,32,"9","T5-C1b","Ambient",33.26
2017-08-04,11,32,"9","T5-C2a","Ambient",42.76
2017-08-04,11,32,"9","T5-C2b","Ambient",36.51
2017-08-04,11,32,"9","T5-C3a","Ambient",41.23
2017-08-04,11,32,"9","T5-C3b","Ambient",43.81
2017-08-04,11,32,"9","T5-C4a","Ambient",52.1
2017-08-04,11,32,"9","T5-C4b","Ambient",43.56
2017-08-04,11,32,"9","T5-C5a","Ambient",44.63
2017-08-04,11,32,"9","T5-C5b","Ambient",41.08
2017-08-04,11,32,"9","T5-C6a","Ambient",74.04
2017-08-04,11,32,"9","T5-C6b","Ambient",42.15
2017-08-04,11,32,"10","T6-C1a","Cyc3",38.17
2017-08-04,11,32,"10","T6-C1b","Cyc3",26.85
2017-08-04,11,32,"10","T6-C2a","Cyc3",34.32
2017-08-04,11,32,"10","T6-C2b","Cyc3",28.83
2017-08-04,11,32,"10","T6-C3a","Cyc3",39.43
2017-08-04,11,32,"10","T6-C3b","Cyc3",29.79
2017-08-04,11,32,"10","T6-C4a","Cyc3",33.55
2017-08-04,11,32,"10","T6-C4b","Cyc3",27.03
2017-08-04,11,32,"10","T6-C5a","Cyc3",32.59
2017-08-04,11,32,"10","T6-C5b","Cyc3",51.96
2017-08-04,11,32,"10","T6-C6a","Cyc3",38.32
2017-08-04,11,32,"10","T6-C6b","Cyc3",25.57
2017-08-04,11,32,"11","T7-C1a","Constant",22.62
2017-08-04,11,32,"11","T7-C1b","Constant",36.92
2017-08-04,11,32,"11","T7-C2a","Constant",34.24
2017-08-04,11,32,"11","T7-C2b","Constant",34.22
2017-08-04,11,32,"11","T7-C3a","Constant",34.5
2017-08-04,11,32,"11","T7-C3b","Constant",38.72
2017-08-04,11,32,"11","T7-C4a","Constant",32.9
2017-08-04,11,32,"11","T7-C4b","Constant",19.1
2017-08-04,11,32,"11","T7-C5a","Constant",18.63
2017-08-04,11,32,"11","T7-C5b","Constant",31.39
2017-08-04,11,32,"11","T7-C6a","Constant",32.68
2017-08-04,11,32,"11","T7-C6b","Constant",26.8
2017-08-04,11,32,"12","T8-C1a","Cyc6",49.67
2017-08-04,11,32,"12","T8-C1b","Cyc6",26.81
2017-08-04,11,32,"12","T8-C2a","Cyc6",23.17
2017-08-04,11,32,"12","T8-C2b","Cyc6",33.1
2017-08-04,11,32,"12","T8-C3a","Cyc6",40.26
2017-08-04,11,32,"12","T8-C3b","Cyc6",47.05
2017-08-04,11,32,"12","T8-C4a","Cyc6",44.53
2017-08-04,11,32,"12","T8-C4b","Cyc6",43.97
2017-08-04,11,32,"12","T8-C5a","Cyc6",34.34
2017-08-04,11,32,"12","T8-C5b","Cyc6",38.76
2017-08-04,11,32,"12","T8-C6a","Cyc6",34.81
2017-08-04,11,32,"12","T8-C6b","Cyc6",44.88
2017-08-08,12,36,"1","T1-C1a","Ambient",49.73
2017-08-08,12,36,"1","T1-C1b","Ambient",57.87
2017-08-08,12,36,"1","T1-C2a","Ambient",42.66
2017-08-08,12,36,"1","T1-C2b","Ambient",54.5
2017-08-08,12,36,"1","T1-C3a","Ambient",59.89
2017-08-08,12,36,"1","T1-C3b","Ambient",37.55
2017-08-08,12,36,"1","T1-C4a","Ambient",54.11
2017-08-08,12,36,"1","T1-C4b","Ambient",40.47
2017-08-08,12,36,"1","T1-C5a","Ambient",60.43
2017-08-08,12,36,"1","T1-C5b","Ambient",62.62
2017-08-08,12,36,"1","T1-C6a","Ambient",77.41
2017-08-08,12,36,"1","T1-C6b","Ambient",63.67
2017-08-08,12,36,"2","T2-C1a","Cyc3",47.94
2017-08-08,12,36,"2","T2-C1b","Cyc3",61.81
2017-08-08,12,36,"2","T2-C2a","Cyc3",66.01
2017-08-08,12,36,"2","T2-C2b","Cyc3",30.99
2017-08-08,12,36,"2","T2-C3a","Cyc3",34.97
2017-08-08,12,36,"2","T2-C3b","Cyc3",50.68
2017-08-08,12,36,"2","T2-C4a","Cyc3",34.42
2017-08-08,12,36,"2","T2-C4b","Cyc3",48.86
2017-08-08,12,36,"2","T2-C5a","Cyc3",37.13
2017-08-08,12,36,"2","T2-C5b","Cyc3",50.33
2017-08-08,12,36,"2","T2-C6a","Cyc3",49.54
2017-08-08,12,36,"2","T2-C6b","Cyc3",27.37
2017-08-08,12,36,"3","T3-C1a","Constant",50.27
2017-08-08,12,36,"3","T3-C1b","Constant",37.65
2017-08-08,12,36,"3","T3-C2a","Constant",16.52
2017-08-08,12,36,"3","T3-C2b","Constant",48.79
2017-08-08,12,36,"3","T3-C3a","Constant",44.62
2017-08-08,12,36,"3","T3-C3b","Constant",37.05
2017-08-08,12,36,"3","T3-C4a","Constant",43.67
2017-08-08,12,36,"3","T3-C4b","Constant",38.11
2017-08-08,12,36,"3","T3-C5a","Constant",41.07
2017-08-08,12,36,"3","T3-C5b","Constant",42.13
2017-08-08,12,36,"3","T3-C6a","Constant",36.47
2017-08-08,12,36,"3","T3-C6b","Constant",32.27
2017-08-08,12,36,"4","T4-C1a","Cyc6",32.34
2017-08-08,12,36,"4","T4-C1b","Cyc6",29.61
2017-08-08,12,36,"4","T4-C2a","Cyc6",30.07
2017-08-08,12,36,"4","T4-C2b","Cyc6",31.36
2017-08-08,12,36,"4","T4-C3a","Cyc6",52.88
2017-08-08,12,36,"4","T4-C3b","Cyc6",48.29
2017-08-08,12,36,"4","T4-C4a","Cyc6",45.39
2017-08-08,12,36,"4","T4-C4b","Cyc6",40.32
2017-08-08,12,36,"4","T4-C5a","Cyc6",52.9
2017-08-08,12,36,"4","T4-C5b","Cyc6",56.9
2017-08-08,12,36,"4","T4-C6a","Cyc6",34.46
2017-08-08,12,36,"4","T4-C6b","Cyc6",61.72
2017-08-08,12,36,"9","T5-C1a","Ambient",43.62
2017-08-08,12,36,"9","T5-C1b","Ambient",37.75
2017-08-08,12,36,"9","T5-C2a","Ambient",47.95
2017-08-08,12,36,"9","T5-C2b","Ambient",40.07
2017-08-08,12,36,"9","T5-C3a","Ambient",45.35
2017-08-08,12,36,"9","T5-C3b","Ambient",48.5
2017-08-08,12,36,"9","T5-C4a","Ambient",55.48
2017-08-08,12,36,"9","T5-C4b","Ambient",48.32
2017-08-08,12,36,"9","T5-C5a","Ambient",55.33
2017-08-08,12,36,"9","T5-C5b","Ambient",46.52
2017-08-08,12,36,"9","T5-C6a","Ambient",83.14
2017-08-08,12,36,"9","T5-C6b","Ambient",46.2
2017-08-08,12,36,"10","T6-C1a","Cyc3",42.45
2017-08-08,12,36,"10","T6-C1b","Cyc3",29.92
2017-08-08,12,36,"10","T6-C2a","Cyc3",34.32
2017-08-08,12,36,"10","T6-C2b","Cyc3",29.58
2017-08-08,12,36,"10","T6-C3a","Cyc3",43.23
2017-08-08,12,36,"10","T6-C3b","Cyc3",32.09
2017-08-08,12,36,"10","T6-C4a","Cyc3",37.99
2017-08-08,12,36,"10","T6-C4b","Cyc3",32.72
2017-08-08,12,36,"10","T6-C5a","Cyc3",33.88
2017-08-08,12,36,"10","T6-C5b","Cyc3",53.72
2017-08-08,12,36,"10","T6-C6a","Cyc3",41.7
2017-08-08,12,36,"10","T6-C6b","Cyc3",28.24
2017-08-08,12,36,"11","T7-C1a","Constant",26.12
2017-08-08,12,36,"11","T7-C1b","Constant",39.27
2017-08-08,12,36,"11","T7-C2a","Constant",36.57
2017-08-08,12,36,"11","T7-C2b","Constant",36.32
2017-08-08,12,36,"11","T7-C3a","Constant",35.94
2017-08-08,12,36,"11","T7-C3b","Constant",41
2017-08-08,12,36,"11","T7-C4a","Constant",35.4
2017-08-08,12,36,"11","T7-C4b","Constant",20.91
2017-08-08,12,36,"11","T7-C5a","Constant",19.25
2017-08-08,12,36,"11","T7-C5b","Constant",35.13
2017-08-08,12,36,"11","T7-C6a","Constant",36.83
2017-08-08,12,36,"11","T7-C6b","Constant",29.62
2017-08-08,12,36,"12","T8-C1a","Cyc6",51.33
2017-08-08,12,36,"12","T8-C1b","Cyc6",31.27
2017-08-08,12,36,"12","T8-C2a","Cyc6",27.6
2017-08-08,12,36,"12","T8-C2b","Cyc6",36.37
2017-08-08,12,36,"12","T8-C3a","Cyc6",44.71
2017-08-08,12,36,"12","T8-C3b","Cyc6",51.94
2017-08-08,12,36,"12","T8-C4a","Cyc6",49.53
2017-08-08,12,36,"12","T8-C4b","Cyc6",48.18
2017-08-08,12,36,"12","T8-C5a","Cyc6",35.83
2017-08-08,12,36,"12","T8-C5b","Cyc6",46.28
2017-08-08,12,36,"12","T8-C6a","Cyc6",38.61
2017-08-08,12,36,"12","T8-C6b","Cyc6",49.96
2017-08-11,13,39,"1","T1-C1a","Ambient",52.97
2017-08-11,13,39,"1","T1-C1b","Ambient",60.89
2017-08-11,13,39,"1","T1-C2a","Ambient",46.85
2017-08-11,13,39,"1","T1-C2b","Ambient",57.3
2017-08-11,13,39,"1","T1-C3a","Ambient",64.02
2017-08-11,13,39,"1","T1-C3b","Ambient",43.91
2017-08-11,13,39,"1","T1-C4a","Ambient",57.69
2017-08-11,13,39,"1","T1-C4b","Ambient",45.22
2017-08-11,13,39,"1","T1-C5a","Ambient",64.78
2017-08-11,13,39,"1","T1-C5b","Ambient",69.5
2017-08-11,13,39,"1","T1-C6a","Ambient",88.83
2017-08-11,13,39,"1","T1-C6b","Ambient",72.31
2017-08-11,13,39,"2","T2-C1a","Cyc3",52.75
2017-08-11,13,39,"2","T2-C1b","Cyc3",67.37
2017-08-11,13,39,"2","T2-C2a","Cyc3",69.23
2017-08-11,13,39,"2","T2-C2b","Cyc3",35.39
2017-08-11,13,39,"2","T2-C3a","Cyc3",38.61
2017-08-11,13,39,"2","T2-C3b","Cyc3",53.81
2017-08-11,13,39,"2","T2-C4a","Cyc3",36.3
2017-08-11,13,39,"2","T2-C4b","Cyc3",52.33
2017-08-11,13,39,"2","T2-C5a","Cyc3",39.5
2017-08-11,13,39,"2","T2-C5b","Cyc3",57.59
2017-08-11,13,39,"2","T2-C6a","Cyc3",53.6
2017-08-11,13,39,"2","T2-C6b","Cyc3",31.87
2017-08-11,13,39,"3","T3-C1a","Constant",55.72
2017-08-11,13,39,"3","T3-C1b","Constant",44.37
2017-08-11,13,39,"3","T3-C2a","Constant",22.16
2017-08-11,13,39,"3","T3-C2b","Constant",52.77
2017-08-11,13,39,"3","T3-C3a","Constant",46.99
2017-08-11,13,39,"3","T3-C3b","Constant",38.78
2017-08-11,13,39,"3","T3-C4a","Constant",48.32
2017-08-11,13,39,"3","T3-C4b","Constant",41.88
2017-08-11,13,39,"3","T3-C5a","Constant",46.81
2017-08-11,13,39,"3","T3-C5b","Constant",45.7
2017-08-11,13,39,"3","T3-C6a","Constant",39.99
2017-08-11,13,39,"3","T3-C6b","Constant",35.23
2017-08-11,13,39,"4","T4-C1a","Cyc6",34.69
2017-08-11,13,39,"4","T4-C1b","Cyc6",33.11
2017-08-11,13,39,"4","T4-C2a","Cyc6",33.07
2017-08-11,13,39,"4","T4-C2b","Cyc6",34.53
2017-08-11,13,39,"4","T4-C3a","Cyc6",56.54
2017-08-11,13,39,"4","T4-C3b","Cyc6",52.38
2017-08-11,13,39,"4","T4-C4a","Cyc6",47.69
2017-08-11,13,39,"4","T4-C4b","Cyc6",45.55
2017-08-11,13,39,"4","T4-C5a","Cyc6",57.22
2017-08-11,13,39,"4","T4-C5b","Cyc6",63.42
2017-08-11,13,39,"4","T4-C6a","Cyc6",36.92
2017-08-11,13,39,"4","T4-C6b","Cyc6",67.52
2017-08-11,13,39,"9","T5-C1a","Ambient",46.77
2017-08-11,13,39,"9","T5-C1b","Ambient",44.3
2017-08-11,13,39,"9","T5-C2a","Ambient",52.69
2017-08-11,13,39,"9","T5-C2b","Ambient",42.53
2017-08-11,13,39,"9","T5-C3a","Ambient",50.89
2017-08-11,13,39,"9","T5-C3b","Ambient",51.63
2017-08-11,13,39,"9","T5-C4a","Ambient",58.99
2017-08-11,13,39,"9","T5-C4b","Ambient",50.45
2017-08-11,13,39,"9","T5-C5a","Ambient",58.49
2017-08-11,13,39,"9","T5-C5b","Ambient",51.11
2017-08-11,13,39,"9","T5-C6a","Ambient",92.58
2017-08-11,13,39,"9","T5-C6b","Ambient",49.23
2017-08-11,13,39,"10","T6-C1a","Cyc3",47.94
2017-08-11,13,39,"10","T6-C1b","Cyc3",34.98
2017-08-11,13,39,"10","T6-C2a","Cyc3",37.87
2017-08-11,13,39,"10","T6-C2b","Cyc3",32.31
2017-08-11,13,39,"10","T6-C3a","Cyc3",46.23
2017-08-11,13,39,"10","T6-C3b","Cyc3",39.44
2017-08-11,13,39,"10","T6-C4a","Cyc3",42.11
2017-08-11,13,39,"10","T6-C4b","Cyc3",34.98
2017-08-11,13,39,"10","T6-C5a","Cyc3",37.38
2017-08-11,13,39,"10","T6-C5b","Cyc3",61.34
2017-08-11,13,39,"10","T6-C6a","Cyc3",46.07
2017-08-11,13,39,"10","T6-C6b","Cyc3",32.96
2017-08-11,13,39,"11","T7-C1a","Constant",32.23
2017-08-11,13,39,"11","T7-C1b","Constant",44.03
2017-08-11,13,39,"11","T7-C2a","Constant",38.76
2017-08-11,13,39,"11","T7-C2b","Constant",38.99
2017-08-11,13,39,"11","T7-C3a","Constant",40.43
2017-08-11,13,39,"11","T7-C3b","Constant",46.01
2017-08-11,13,39,"11","T7-C4a","Constant",39.48
2017-08-11,13,39,"11","T7-C4b","Constant",21.9
2017-08-11,13,39,"11","T7-C5a","Constant",21.07
2017-08-11,13,39,"11","T7-C5b","Constant",37.7
2017-08-11,13,39,"11","T7-C6a","Constant",38.52
2017-08-11,13,39,"11","T7-C6b","Constant",32.88
2017-08-11,13,39,"12","T8-C1a","Cyc6",52.77
2017-08-11,13,39,"12","T8-C1b","Cyc6",34.19
2017-08-11,13,39,"12","T8-C2a","Cyc6",31.96
2017-08-11,13,39,"12","T8-C2b","Cyc6",40.9
2017-08-11,13,39,"12","T8-C3a","Cyc6",49.2
2017-08-11,13,39,"12","T8-C3b","Cyc6",56.28
2017-08-11,13,39,"12","T8-C4a","Cyc6",52.75
2017-08-11,13,39,"12","T8-C4b","Cyc6",49.09
2017-08-11,13,39,"12","T8-C5a","Cyc6",38.36
2017-08-11,13,39,"12","T8-C5b","Cyc6",48.55
2017-08-11,13,39,"12","T8-C6a","Cyc6",45.71
2017-08-11,13,39,"12","T8-C6b","Cyc6",55.79
2017-08-15,14,43,"1","T1-C1a","Ambient",55.15
2017-08-15,14,43,"1","T1-C1b","Ambient",63.7
2017-08-15,14,43,"1","T1-C2a","Ambient",51.1
2017-08-15,14,43,"1","T1-C2b","Ambient",61.94
2017-08-15,14,43,"1","T1-C3a","Ambient",72.62
2017-08-15,14,43,"1","T1-C3b","Ambient",50.57
2017-08-15,14,43,"1","T1-C4a","Ambient",67.72
2017-08-15,14,43,"1","T1-C4b","Ambient",53.79
2017-08-15,14,43,"1","T1-C5a","Ambient",69.33
2017-08-15,14,43,"1","T1-C5b","Ambient",75.89
2017-08-15,14,43,"1","T1-C6a","Ambient",99.22
2017-08-15,14,43,"1","T1-C6b","Ambient",79.86
2017-08-15,14,43,"2","T2-C1a","Cyc3",56.61
2017-08-15,14,43,"2","T2-C1b","Cyc3",75.88
2017-08-15,14,43,"2","T2-C2a","Cyc3",74.6
2017-08-15,14,43,"2","T2-C2b","Cyc3",41.76
2017-08-15,14,43,"2","T2-C3a","Cyc3",45.59
2017-08-15,14,43,"2","T2-C3b","Cyc3",59.85
2017-08-15,14,43,"2","T2-C4a","Cyc3",43.69
2017-08-15,14,43,"2","T2-C4b","Cyc3",59.4
2017-08-15,14,43,"2","T2-C5a","Cyc3",44.18
2017-08-15,14,43,"2","T2-C5b","Cyc3",62.52
2017-08-15,14,43,"2","T2-C6a","Cyc3",61.96
2017-08-15,14,43,"2","T2-C6b","Cyc3",38.16
2017-08-15,14,43,"3","T3-C1a","Constant",60.5
2017-08-15,14,43,"3","T3-C1b","Constant",50.42
2017-08-15,14,43,"3","T3-C2a","Constant",28.04
2017-08-15,14,43,"3","T3-C2b","Constant",61.06
2017-08-15,14,43,"3","T3-C3a","Constant",53.51
2017-08-15,14,43,"3","T3-C3b","Constant",42.54
2017-08-15,14,43,"3","T3-C4a","Constant",55.18
2017-08-15,14,43,"3","T3-C4b","Constant",46.19
2017-08-15,14,43,"3","T3-C5a","Constant",51.41
2017-08-15,14,43,"3","T3-C5b","Constant",48.39
2017-08-15,14,43,"3","T3-C6a","Constant",41.68
2017-08-15,14,43,"3","T3-C6b","Constant",39.75
2017-08-15,14,43,"4","T4-C1a","Cyc6",42.78
2017-08-15,14,43,"4","T4-C1b","Cyc6",38.87
2017-08-15,14,43,"4","T4-C2a","Cyc6",38.66
2017-08-15,14,43,"4","T4-C2b","Cyc6",38.38
2017-08-15,14,43,"4","T4-C3a","Cyc6",64.67
2017-08-15,14,43,"4","T4-C3b","Cyc6",58.72
2017-08-15,14,43,"4","T4-C4a","Cyc6",54.47
2017-08-15,14,43,"4","T4-C4b","Cyc6",47.46
2017-08-15,14,43,"4","T4-C5a","Cyc6",63.12
2017-08-15,14,43,"4","T4-C5b","Cyc6",71.17
2017-08-15,14,43,"4","T4-C6a","Cyc6",40.72
2017-08-15,14,43,"4","T4-C6b","Cyc6",76.65
2017-08-15,14,43,"9","T5-C1a","Ambient",53.63
2017-08-15,14,43,"9","T5-C1b","Ambient",51.31
2017-08-15,14,43,"9","T5-C2a","Ambient",57.08
2017-08-15,14,43,"9","T5-C2b","Ambient",46.01
2017-08-15,14,43,"9","T5-C3a","Ambient",55.78
2017-08-15,14,43,"9","T5-C3b","Ambient",56.43
2017-08-15,14,43,"9","T5-C4a","Ambient",63.58
2017-08-15,14,43,"9","T5-C4b","Ambient",54.62
2017-08-15,14,43,"9","T5-C5a","Ambient",62.19
2017-08-15,14,43,"9","T5-C5b","Ambient",54.76
2017-08-15,14,43,"9","T5-C6a","Ambient",103.61
2017-08-15,14,43,"9","T5-C6b","Ambient",52.14
2017-08-15,14,43,"10","T6-C1a","Cyc3",51.86
2017-08-15,14,43,"10","T6-C1b","Cyc3",38.68
2017-08-15,14,43,"10","T6-C2a","Cyc3",41.98
2017-08-15,14,43,"10","T6-C2b","Cyc3",35.06
2017-08-15,14,43,"10","T6-C3a","Cyc3",50.4
2017-08-15,14,43,"10","T6-C3b","Cyc3",43.81
2017-08-15,14,43,"10","T6-C4a","Cyc3",47.22
2017-08-15,14,43,"10","T6-C4b","Cyc3",38.83
2017-08-15,14,43,"10","T6-C5a","Cyc3",41.99
2017-08-15,14,43,"10","T6-C5b","Cyc3",66.98
2017-08-15,14,43,"10","T6-C6a","Cyc3",50.28
2017-08-15,14,43,"10","T6-C6b","Cyc3",36.55
2017-08-15,14,43,"11","T7-C1a","Constant",35.88
2017-08-15,14,43,"11","T7-C1b","Constant",47.4
2017-08-15,14,43,"11","T7-C2a","Constant",45.93
2017-08-15,14,43,"11","T7-C2b","Constant",45.93
2017-08-15,14,43,"11","T7-C3a","Constant",40.98
2017-08-15,14,43,"11","T7-C3b","Constant",51.96
2017-08-15,14,43,"11","T7-C4a","Constant",45.33
2017-08-15,14,43,"11","T7-C4b","Constant",30.25
2017-08-15,14,43,"11","T7-C5a","Constant",22.53
2017-08-15,14,43,"11","T7-C5b","Constant",40.77
2017-08-15,14,43,"11","T7-C6a","Constant",43.01
2017-08-15,14,43,"11","T7-C6b","Constant",34.73
2017-08-15,14,43,"12","T8-C1a","Cyc6",55.21
2017-08-15,14,43,"12","T8-C1b","Cyc6",35.17
2017-08-15,14,43,"12","T8-C2a","Cyc6",34.55
2017-08-15,14,43,"12","T8-C2b","Cyc6",44.98
2017-08-15,14,43,"12","T8-C3a","Cyc6",53.39
2017-08-15,14,43,"12","T8-C3b","Cyc6",60.79
2017-08-15,14,43,"12","T8-C4a","Cyc6",57.87
2017-08-15,14,43,"12","T8-C4b","Cyc6",55.64
2017-08-15,14,43,"12","T8-C5a","Cyc6",43.57
2017-08-15,14,43,"12","T8-C5b","Cyc6",53.94
2017-08-15,14,43,"12","T8-C6a","Cyc6",50.84
2017-08-15,14,43,"12","T8-C6b","Cyc6",59.91
2017-08-18,15,46,"1","T1-C1a","Ambient",57.27
2017-08-18,15,46,"1","T1-C1b","Ambient",67.66
2017-08-18,15,46,"1","T1-C2a","Ambient",52.81
2017-08-18,15,46,"1","T1-C2b","Ambient",64.15
2017-08-18,15,46,"1","T1-C3a","Ambient",75.72
2017-08-18,15,46,"1","T1-C3b","Ambient",55.04
2017-08-18,15,46,"1","T1-C4a","Ambient",72.78
2017-08-18,15,46,"1","T1-C4b","Ambient",56.01
2017-08-18,15,46,"1","T1-C5a","Ambient",70.86
2017-08-18,15,46,"1","T1-C5b","Ambient",77.45
2017-08-18,15,46,"1","T1-C6a","Ambient",100.23
2017-08-18,15,46,"1","T1-C6b","Ambient",83.74
2017-08-18,15,46,"2","T2-C1a","Cyc3",56.95
2017-08-18,15,46,"2","T2-C1b","Cyc3",80.15
2017-08-18,15,46,"2","T2-C2a","Cyc3",76.97
2017-08-18,15,46,"2","T2-C2b","Cyc3",43.35
2017-08-18,15,46,"2","T2-C3a","Cyc3",46.67
2017-08-18,15,46,"2","T2-C3b","Cyc3",61.14
2017-08-18,15,46,"2","T2-C4a","Cyc3",46.96
2017-08-18,15,46,"2","T2-C4b","Cyc3",61.61
2017-08-18,15,46,"2","T2-C5a","Cyc3",44.86
2017-08-18,15,46,"2","T2-C5b","Cyc3",65.9
2017-08-18,15,46,"2","T2-C6a","Cyc3",64.95
2017-08-18,15,46,"2","T2-C6b","Cyc3",38.54
2017-08-18,15,46,"3","T3-C1a","Constant",64.25
2017-08-18,15,46,"3","T3-C1b","Constant",53.99
2017-08-18,15,46,"3","T3-C2a","Constant",29.52
2017-08-18,15,46,"3","T3-C2b","Constant",62.2
2017-08-18,15,46,"3","T3-C3a","Constant",58.33
2017-08-18,15,46,"3","T3-C3b","Constant",43.75
2017-08-18,15,46,"3","T3-C4a","Constant",57.02
2017-08-18,15,46,"3","T3-C4b","Constant",47.9
2017-08-18,15,46,"3","T3-C5a","Constant",53.3
2017-08-18,15,46,"3","T3-C5b","Constant",49.77
2017-08-18,15,46,"3","T3-C6a","Constant",43.22
2017-08-18,15,46,"3","T3-C6b","Constant",40.67
2017-08-18,15,46,"4","T4-C1a","Cyc6",46.42
2017-08-18,15,46,"4","T4-C1b","Cyc6",40.44
2017-08-18,15,46,"4","T4-C2a","Cyc6",39.81
2017-08-18,15,46,"4","T4-C2b","Cyc6",41.34
2017-08-18,15,46,"4","T4-C3a","Cyc6",69.06
2017-08-18,15,46,"4","T4-C3b","Cyc6",63.57
2017-08-18,15,46,"4","T4-C4a","Cyc6",56.51
2017-08-18,15,46,"4","T4-C4b","Cyc6",49.36
2017-08-18,15,46,"4","T4-C5a","Cyc6",65.92
2017-08-18,15,46,"4","T4-C5b","Cyc6",72.92
2017-08-18,15,46,"4","T4-C6a","Cyc6",42.07
2017-08-18,15,46,"4","T4-C6b","Cyc6",79
2017-08-18,15,46,"9","T5-C1a","Ambient",56.3
2017-08-18,15,46,"9","T5-C1b","Ambient",57.11
2017-08-18,15,46,"9","T5-C2a","Ambient",61.18
2017-08-18,15,46,"9","T5-C2b","Ambient",52.21
2017-08-18,15,46,"9","T5-C3a","Ambient",57.2
2017-08-18,15,46,"9","T5-C3b","Ambient",60.7
2017-08-18,15,46,"9","T5-C4a","Ambient",69.37
2017-08-18,15,46,"9","T5-C4b","Ambient",59.19
2017-08-18,15,46,"9","T5-C5a","Ambient",68.27
2017-08-18,15,46,"9","T5-C5b","Ambient",59.68
2017-08-18,15,46,"9","T5-C6a","Ambient",108.62
2017-08-18,15,46,"9","T5-C6b","Ambient",54.66
2017-08-18,15,46,"10","T6-C1a","Cyc3",55.38
2017-08-18,15,46,"10","T6-C1b","Cyc3",42.57
2017-08-18,15,46,"10","T6-C2a","Cyc3",44.93
2017-08-18,15,46,"10","T6-C2b","Cyc3",37.56
2017-08-18,15,46,"10","T6-C3a","Cyc3",54.45
2017-08-18,15,46,"10","T6-C3b","Cyc3",44.89
2017-08-18,15,46,"10","T6-C4a","Cyc3",51.84
2017-08-18,15,46,"10","T6-C4b","Cyc3",41.59
2017-08-18,15,46,"10","T6-C5a","Cyc3",44.6
2017-08-18,15,46,"10","T6-C5b","Cyc3",71.8
2017-08-18,15,46,"10","T6-C6a","Cyc3",54.26
2017-08-18,15,46,"10","T6-C6b","Cyc3",39.33
2017-08-18,15,46,"11","T7-C1a","Constant",37.95
2017-08-18,15,46,"11","T7-C1b","Constant",47.87
2017-08-18,15,46,"11","T7-C2a","Constant",48.68
2017-08-18,15,46,"11","T7-C2b","Constant",49.48
2017-08-18,15,46,"11","T7-C3a","Constant",44.3
2017-08-18,15,46,"11","T7-C3b","Constant",54.67
2017-08-18,15,46,"11","T7-C4a","Constant",49.15
2017-08-18,15,46,"11","T7-C4b","Constant",31.3
2017-08-18,15,46,"11","T7-C5a","Constant",26.03
2017-08-18,15,46,"11","T7-C5b","Constant",41.96
2017-08-18,15,46,"11","T7-C6a","Constant",47.17
2017-08-18,15,46,"11","T7-C6b","Constant",38.04
2017-08-18,15,46,"12","T8-C1a","Cyc6",60.85
2017-08-18,15,46,"12","T8-C1b","Cyc6",37.18
2017-08-18,15,46,"12","T8-C2a","Cyc6",37.96
2017-08-18,15,46,"12","T8-C2b","Cyc6",48.5
2017-08-18,15,46,"12","T8-C3a","Cyc6",57.5
2017-08-18,15,46,"12","T8-C3b","Cyc6",63.31
2017-08-18,15,46,"12","T8-C4a","Cyc6",61.5
2017-08-18,15,46,"12","T8-C4b","Cyc6",56.45
2017-08-18,15,46,"12","T8-C5a","Cyc6",45.06
2017-08-18,15,46,"12","T8-C5b","Cyc6",55.88
2017-08-18,15,46,"12","T8-C6a","Cyc6",54.14
2017-08-18,15,46,"12","T8-C6b","Cyc6",62.34
2017-08-22,16,50,"1","T1-C1a","Ambient",60.47
2017-08-22,16,50,"1","T1-C1b","Ambient",74.13
2017-08-22,16,50,"1","T1-C2a","Ambient",57.13
2017-08-22,16,50,"1","T1-C2b","Ambient",71.47
2017-08-22,16,50,"1","T1-C3a","Ambient",82.14
2017-08-22,16,50,"1","T1-C3b","Ambient",59.6
2017-08-22,16,50,"1","T1-C4a","Ambient",79.25
2017-08-22,16,50,"1","T1-C4b","Ambient",58.01
2017-08-22,16,50,"1","T1-C5a","Ambient",77.15
2017-08-22,16,50,"1","T1-C5b","Ambient",84.17
2017-08-22,16,50,"1","T1-C6a","Ambient",109.16
2017-08-22,16,50,"1","T1-C6b","Ambient",92.75
2017-08-22,16,50,"2","T2-C1a","Cyc3",58.84
2017-08-22,16,50,"2","T2-C1b","Cyc3",87.56
2017-08-22,16,50,"2","T2-C2a","Cyc3",79.02
2017-08-22,16,50,"2","T2-C2b","Cyc3",45.88
2017-08-22,16,50,"2","T2-C3a","Cyc3",54.26
2017-08-22,16,50,"2","T2-C3b","Cyc3",65.43
2017-08-22,16,50,"2","T2-C4a","Cyc3",51.86
2017-08-22,16,50,"2","T2-C4b","Cyc3",69.02
2017-08-22,16,50,"2","T2-C5a","Cyc3",49.39
2017-08-22,16,50,"2","T2-C5b","Cyc3",68.64
2017-08-22,16,50,"2","T2-C6a","Cyc3",69.16
2017-08-22,16,50,"2","T2-C6b","Cyc3",43.21
2017-08-22,16,50,"3","T3-C1a","Constant",69.23
2017-08-22,16,50,"3","T3-C1b","Constant",56.01
2017-08-22,16,50,"3","T3-C2a","Constant",33.62
2017-08-22,16,50,"3","T3-C2b","Constant",65.29
2017-08-22,16,50,"3","T3-C3a","Constant",64.04
2017-08-22,16,50,"3","T3-C3b","Constant",46.93
2017-08-22,16,50,"3","T3-C4a","Constant",61.65
2017-08-22,16,50,"3","T3-C4b","Constant",48.9
2017-08-22,16,50,"3","T3-C5a","Constant",57.73
2017-08-22,16,50,"3","T3-C5b","Constant",55.64
2017-08-22,16,50,"3","T3-C6a","Constant",47.13
2017-08-22,16,50,"3","T3-C6b","Constant",40.93
2017-08-22,16,50,"4","T4-C1a","Cyc6",50.04
2017-08-22,16,50,"4","T4-C1b","Cyc6",42.27
2017-08-22,16,50,"4","T4-C2a","Cyc6",44.9
2017-08-22,16,50,"4","T4-C2b","Cyc6",43.18
2017-08-22,16,50,"4","T4-C3a","Cyc6",74.37
2017-08-22,16,50,"4","T4-C3b","Cyc6",66.72
2017-08-22,16,50,"4","T4-C4a","Cyc6",63.67
2017-08-22,16,50,"4","T4-C4b","Cyc6",52.54
2017-08-22,16,50,"4","T4-C5a","Cyc6",70.79
2017-08-22,16,50,"4","T4-C5b","Cyc6",79.36
2017-08-22,16,50,"4","T4-C6a","Cyc6",45.02
2017-08-22,16,50,"4","T4-C6b","Cyc6",86.5
2017-08-22,16,50,"9","T5-C1a","Ambient",61.74
2017-08-22,16,50,"9","T5-C1b","Ambient",66.2
2017-08-22,16,50,"9","T5-C2a","Ambient",65.1
2017-08-22,16,50,"9","T5-C2b","Ambient",55.99
2017-08-22,16,50,"9","T5-C3a","Ambient",61.99
2017-08-22,16,50,"9","T5-C3b","Ambient",64.87
2017-08-22,16,50,"9","T5-C4a","Ambient",75.18
2017-08-22,16,50,"9","T5-C4b","Ambient",61.61
2017-08-22,16,50,"9","T5-C5a","Ambient",72.23
2017-08-22,16,50,"9","T5-C5b","Ambient",61.98
2017-08-22,16,50,"9","T5-C6a","Ambient",116.89
2017-08-22,16,50,"9","T5-C6b","Ambient",60.01
2017-08-22,16,50,"10","T6-C1a","Cyc3",59.36
2017-08-22,16,50,"10","T6-C1b","Cyc3",48.26
2017-08-22,16,50,"10","T6-C2a","Cyc3",51.68
2017-08-22,16,50,"10","T6-C2b","Cyc3",42.52
2017-08-22,16,50,"10","T6-C3a","Cyc3",57.57
2017-08-22,16,50,"10","T6-C3b","Cyc3",51.16
2017-08-22,16,50,"10","T6-C4a","Cyc3",57.13
2017-08-22,16,50,"10","T6-C4b","Cyc3",46.19
2017-08-22,16,50,"10","T6-C5a","Cyc3",55.31
2017-08-22,16,50,"10","T6-C5b","Cyc3",83.71
2017-08-22,16,50,"10","T6-C6a","Cyc3",60.26
2017-08-22,16,50,"10","T6-C6b","Cyc3",47.97
2017-08-22,16,50,"11","T7-C1a","Constant",44.14
2017-08-22,16,50,"11","T7-C1b","Constant",50.89
2017-08-22,16,50,"11","T7-C2a","Constant",57.23
2017-08-22,16,50,"11","T7-C2b","Constant",55.08
2017-08-22,16,50,"11","T7-C3a","Constant",52.9
2017-08-22,16,50,"11","T7-C3b","Constant",55.6
2017-08-22,16,50,"11","T7-C4a","Constant",49.99
2017-08-22,16,50,"11","T7-C4b","Constant",37.51
2017-08-22,16,50,"11","T7-C5a","Constant",31.03
2017-08-22,16,50,"11","T7-C5b","Constant",47.08
2017-08-22,16,50,"11","T7-C6a","Constant",50.8
2017-08-22,16,50,"11","T7-C6b","Constant",43.77
2017-08-22,16,50,"12","T8-C1a","Cyc6",72.02
2017-08-22,16,50,"12","T8-C1b","Cyc6",40.08
2017-08-22,16,50,"12","T8-C2a","Cyc6",42.41
2017-08-22,16,50,"12","T8-C2b","Cyc6",54.61
2017-08-22,16,50,"12","T8-C3a","Cyc6",61.76
2017-08-22,16,50,"12","T8-C3b","Cyc6",72.31
2017-08-22,16,50,"12","T8-C4a","Cyc6",72.7
2017-08-22,16,50,"12","T8-C4b","Cyc6",61.42
2017-08-22,16,50,"12","T8-C5a","Cyc6",52.05
2017-08-22,16,50,"12","T8-C5b","Cyc6",63.41
2017-08-22,16,50,"12","T8-C6a","Cyc6",64.82
2017-08-22,16,50,"12","T8-C6b","Cyc6",70.03
2017-08-25,17,53,"1","T1-C1a","Ambient",62.46
2017-08-25,17,53,"1","T1-C1b","Ambient",78.14
2017-08-25,17,53,"1","T1-C2a","Ambient",59.99
2017-08-25,17,53,"1","T1-C2b","Ambient",82.48
2017-08-25,17,53,"1","T1-C3a","Ambient",92.33
2017-08-25,17,53,"1","T1-C3b","Ambient",65.71
2017-08-25,17,53,"1","T1-C4a","Ambient",84.2
2017-08-25,17,53,"1","T1-C4b","Ambient",61.91
2017-08-25,17,53,"1","T1-C5a","Ambient",82.25
2017-08-25,17,53,"1","T1-C5b","Ambient",92.22
2017-08-25,17,53,"1","T1-C6a","Ambient",116.48
2017-08-25,17,53,"1","T1-C6b","Ambient",98.17
2017-08-25,17,53,"2","T2-C1a","Cyc3",61.3
2017-08-25,17,53,"2","T2-C1b","Cyc3",92.1
2017-08-25,17,53,"2","T2-C2a","Cyc3",82.13
2017-08-25,17,53,"2","T2-C2b","Cyc3",48.42
2017-08-25,17,53,"2","T2-C3a","Cyc3",58.78
2017-08-25,17,53,"2","T2-C3b","Cyc3",69.74
2017-08-25,17,53,"2","T2-C4a","Cyc3",54.94
2017-08-25,17,53,"2","T2-C4b","Cyc3",71.11
2017-08-25,17,53,"2","T2-C5a","Cyc3",54.63
2017-08-25,17,53,"2","T2-C5b","Cyc3",75.93
2017-08-25,17,53,"2","T2-C6a","Cyc3",73.36
2017-08-25,17,53,"2","T2-C6b","Cyc3",45.65
2017-08-25,17,53,"3","T3-C1a","Constant",72.99
2017-08-25,17,53,"3","T3-C1b","Constant",61.05
2017-08-25,17,53,"3","T3-C2a","Constant",41.85
2017-08-25,17,53,"3","T3-C2b","Constant",67.57
2017-08-25,17,53,"3","T3-C3a","Constant",70.88
2017-08-25,17,53,"3","T3-C3b","Constant",50.33
2017-08-25,17,53,"3","T3-C4a","Constant",63.79
2017-08-25,17,53,"3","T3-C4b","Constant",50.12
2017-08-25,17,53,"3","T3-C5a","Constant",60.81
2017-08-25,17,53,"3","T3-C5b","Constant",58.84
2017-08-25,17,53,"3","T3-C6a","Constant",50.28
2017-08-25,17,53,"3","T3-C6b","Constant",44.97
2017-08-25,17,53,"4","T4-C1a","Cyc6",54.24
2017-08-25,17,53,"4","T4-C1b","Cyc6",46.01
2017-08-25,17,53,"4","T4-C2a","Cyc6",48.18
2017-08-25,17,53,"4","T4-C2b","Cyc6",46.38
2017-08-25,17,53,"4","T4-C3a","Cyc6",81.71
2017-08-25,17,53,"4","T4-C3b","Cyc6",74.38
2017-08-25,17,53,"4","T4-C4a","Cyc6",65.64
2017-08-25,17,53,"4","T4-C4b","Cyc6",55.55
2017-08-25,17,53,"4","T4-C5a","Cyc6",75.82
2017-08-25,17,53,"4","T4-C5b","Cyc6",83.69
2017-08-25,17,53,"4","T4-C6a","Cyc6",49.53
2017-08-25,17,53,"4","T4-C6b","Cyc6",91.71
2017-08-25,17,53,"9","T5-C1a","Ambient",65.28
2017-08-25,17,53,"9","T5-C1b","Ambient",69.84
2017-08-25,17,53,"9","T5-C2a","Ambient",68.49
2017-08-25,17,53,"9","T5-C2b","Ambient",60.64
2017-08-25,17,53,"9","T5-C3a","Ambient",64.82
2017-08-25,17,53,"9","T5-C3b","Ambient",68.98
2017-08-25,17,53,"9","T5-C4a","Ambient",78.21
2017-08-25,17,53,"9","T5-C4b","Ambient",63.87
2017-08-25,17,53,"9","T5-C5a","Ambient",76.76
2017-08-25,17,53,"9","T5-C5b","Ambient",65.36
2017-08-25,17,53,"9","T5-C6a","Ambient",121.24
2017-08-25,17,53,"9","T5-C6b","Ambient",63.99
2017-08-25,17,53,"10","T6-C1a","Cyc3",61.82
2017-08-25,17,53,"10","T6-C1b","Cyc3",51.55
2017-08-25,17,53,"10","T6-C2a","Cyc3",57.42
2017-08-25,17,53,"10","T6-C2b","Cyc3",44.29
2017-08-25,17,53,"10","T6-C3a","Cyc3",60.83
2017-08-25,17,53,"10","T6-C3b","Cyc3",55.42
2017-08-25,17,53,"10","T6-C4a","Cyc3",61.49
2017-08-25,17,53,"10","T6-C4b","Cyc3",50.21
2017-08-25,17,53,"10","T6-C5a","Cyc3",57.54
2017-08-25,17,53,"10","T6-C5b","Cyc3",87.2
2017-08-25,17,53,"10","T6-C6a","Cyc3",63.35
2017-08-25,17,53,"10","T6-C6b","Cyc3",50.4
2017-08-25,17,53,"11","T7-C1a","Constant",47.27
2017-08-25,17,53,"11","T7-C1b","Constant",53.3
2017-08-25,17,53,"11","T7-C2a","Constant",60.36
2017-08-25,17,53,"11","T7-C2b","Constant",57.85
2017-08-25,17,53,"11","T7-C3a","Constant",57.12
2017-08-25,17,53,"11","T7-C3b","Constant",62.58
2017-08-25,17,53,"11","T7-C4a","Constant",53.58
2017-08-25,17,53,"11","T7-C4b","Constant",42.28
2017-08-25,17,53,"11","T7-C5a","Constant",34.3
2017-08-25,17,53,"11","T7-C5b","Constant",50.52
2017-08-25,17,53,"11","T7-C6a","Constant",56.09
2017-08-25,17,53,"11","T7-C6b","Constant",46.33
2017-08-25,17,53,"12","T8-C1a","Cyc6",80.05
2017-08-25,17,53,"12","T8-C1b","Cyc6",42.5
2017-08-25,17,53,"12","T8-C2a","Cyc6",44.62
2017-08-25,17,53,"12","T8-C2b","Cyc6",58.21
2017-08-25,17,53,"12","T8-C3a","Cyc6",68.76
2017-08-25,17,53,"12","T8-C3b","Cyc6",77.94
2017-08-25,17,53,"12","T8-C4a","Cyc6",76.12
2017-08-25,17,53,"12","T8-C4b","Cyc6",64.56
2017-08-25,17,53,"12","T8-C5a","Cyc6",55.21
2017-08-25,17,53,"12","T8-C5b","Cyc6",65.63
2017-08-25,17,53,"12","T8-C6a","Cyc6",73.23
2017-08-25,17,53,"12","T8-C6b","Cyc6",74.73
2017-08-29,18,57,"1","T1-C1a","Ambient",67.7
2017-08-29,18,57,"1","T1-C1b","Ambient",86.56
2017-08-29,18,57,"1","T1-C2a","Ambient",64.75
2017-08-29,18,57,"1","T1-C2b","Ambient",92.93
2017-08-29,18,57,"1","T1-C3a","Ambient",100.35
2017-08-29,18,57,"1","T1-C3b","Ambient",70.18
2017-08-29,18,57,"1","T1-C4a","Ambient",91.39
2017-08-29,18,57,"1","T1-C4b","Ambient",66.38
2017-08-29,18,57,"1","T1-C5a","Ambient",88.83
2017-08-29,18,57,"1","T1-C5b","Ambient",100.67
2017-08-29,18,57,"1","T1-C6a","Ambient",123.27
2017-08-29,18,57,"1","T1-C6b","Ambient",102.17
2017-08-29,18,57,"2","T2-C1a","Cyc3",66.09
2017-08-29,18,57,"2","T2-C1b","Cyc3",99.24
2017-08-29,18,57,"2","T2-C2a","Cyc3",87.11
2017-08-29,18,57,"2","T2-C2b","Cyc3",52.65
2017-08-29,18,57,"2","T2-C3a","Cyc3",62.01
2017-08-29,18,57,"2","T2-C3b","Cyc3",73.18
2017-08-29,18,57,"2","T2-C4a","Cyc3",59.82
2017-08-29,18,57,"2","T2-C4b","Cyc3",75.28
2017-08-29,18,57,"2","T2-C5a","Cyc3",57.99
2017-08-29,18,57,"2","T2-C5b","Cyc3",82.39
2017-08-29,18,57,"2","T2-C6a","Cyc3",75.93
2017-08-29,18,57,"2","T2-C6b","Cyc3",51.64
2017-08-29,18,57,"3","T3-C1a","Constant",75.59
2017-08-29,18,57,"3","T3-C1b","Constant",67.28
2017-08-29,18,57,"3","T3-C2a","Constant",45.41
2017-08-29,18,57,"3","T3-C2b","Constant",75.75
2017-08-29,18,57,"3","T3-C3a","Constant",76.99
2017-08-29,18,57,"3","T3-C3b","Constant",53.31
2017-08-29,18,57,"3","T3-C4a","Constant",68.85
2017-08-29,18,57,"3","T3-C4b","Constant",52.98
2017-08-29,18,57,"3","T3-C5a","Constant",68.34
2017-08-29,18,57,"3","T3-C5b","Constant",61.29
2017-08-29,18,57,"3","T3-C6a","Constant",53.93
2017-08-29,18,57,"3","T3-C6b","Constant",48.43
2017-08-29,18,57,"4","T4-C1a","Cyc6",59.5
2017-08-29,18,57,"4","T4-C1b","Cyc6",50.74
2017-08-29,18,57,"4","T4-C2a","Cyc6",52.03
2017-08-29,18,57,"4","T4-C2b","Cyc6",47.87
2017-08-29,18,57,"4","T4-C3a","Cyc6",87.45
2017-08-29,18,57,"4","T4-C3b","Cyc6",82.33
2017-08-29,18,57,"4","T4-C4a","Cyc6",69.37
2017-08-29,18,57,"4","T4-C4b","Cyc6",59.75
2017-08-29,18,57,"4","T4-C5a","Cyc6",83.12
2017-08-29,18,57,"4","T4-C5b","Cyc6",87.77
2017-08-29,18,57,"4","T4-C6a","Cyc6",52.81
2017-08-29,18,57,"4","T4-C6b","Cyc6",96.71
2017-08-29,18,57,"9","T5-C1a","Ambient",74.06
2017-08-29,18,57,"9","T5-C1b","Ambient",75.06
2017-08-29,18,57,"9","T5-C2a","Ambient",72.22
2017-08-29,18,57,"9","T5-C2b","Ambient",62.65
2017-08-29,18,57,"9","T5-C3a","Ambient",71.55
2017-08-29,18,57,"9","T5-C3b","Ambient",72.49
2017-08-29,18,57,"9","T5-C4a","Ambient",82.06
2017-08-29,18,57,"9","T5-C4b","Ambient",65.64
2017-08-29,18,57,"9","T5-C5a","Ambient",78.14
2017-08-29,18,57,"9","T5-C5b","Ambient",67.95
2017-08-29,18,57,"9","T5-C6a","Ambient",125.29
2017-08-29,18,57,"9","T5-C6b","Ambient",67.04
2017-08-29,18,57,"10","T6-C1a","Cyc3",63.49
2017-08-29,18,57,"10","T6-C1b","Cyc3",60.79
2017-08-29,18,57,"10","T6-C2a","Cyc3",64.01
2017-08-29,18,57,"10","T6-C2b","Cyc3",45.07
2017-08-29,18,57,"10","T6-C3a","Cyc3",65.38
2017-08-29,18,57,"10","T6-C3b","Cyc3",60.44
2017-08-29,18,57,"10","T6-C4a","Cyc3",66.49
2017-08-29,18,57,"10","T6-C4b","Cyc3",53.03
2017-08-29,18,57,"10","T6-C5a","Cyc3",61.16
2017-08-29,18,57,"10","T6-C5b","Cyc3",93.06
2017-08-29,18,57,"10","T6-C6a","Cyc3",67.4
2017-08-29,18,57,"10","T6-C6b","Cyc3",53.16
2017-08-29,18,57,"11","T7-C1a","Constant",50.68
2017-08-29,18,57,"11","T7-C1b","Constant",55.67
2017-08-29,18,57,"11","T7-C2a","Constant",64.2
2017-08-29,18,57,"11","T7-C2b","Constant",59.6
2017-08-29,18,57,"11","T7-C3a","Constant",61.33
2017-08-29,18,57,"11","T7-C3b","Constant",68.43
2017-08-29,18,57,"11","T7-C4a","Constant",59.82
2017-08-29,18,57,"11","T7-C4b","Constant",46.24
2017-08-29,18,57,"11","T7-C5a","Constant",37.62
2017-08-29,18,57,"11","T7-C5b","Constant",53.39
2017-08-29,18,57,"11","T7-C6a","Constant",60.16
2017-08-29,18,57,"11","T7-C6b","Constant",49.33
2017-08-29,18,57,"12","T8-C1a","Cyc6",86.94
2017-08-29,18,57,"12","T8-C1b","Cyc6",45.49
2017-08-29,18,57,"12","T8-C2a","Cyc6",48.47
2017-08-29,18,57,"12","T8-C2b","Cyc6",62.58
2017-08-29,18,57,"12","T8-C3a","Cyc6",74.34
2017-08-29,18,57,"12","T8-C3b","Cyc6",87.4
2017-08-29,18,57,"12","T8-C4a","Cyc6",84.34
2017-08-29,18,57,"12","T8-C4b","Cyc6",68.98
2017-08-29,18,57,"12","T8-C5a","Cyc6",59.78
2017-08-29,18,57,"12","T8-C5b","Cyc6",72.73
2017-08-29,18,57,"12","T8-C6a","Cyc6",82.35
2017-08-29,18,57,"12","T8-C6b","Cyc6",82.4
2017-09-01,19,60,"1","T1-C1a","Ambient",70.17
2017-09-01,19,60,"1","T1-C1b","Ambient",90.07
2017-09-01,19,60,"1","T1-C2a","Ambient",66.86
2017-09-01,19,60,"1","T1-C2b","Ambient",98.08
2017-09-01,19,60,"1","T1-C3a","Ambient",104.4
2017-09-01,19,60,"1","T1-C3b","Ambient",72.32
2017-09-01,19,60,"1","T1-C4a","Ambient",97.23
2017-09-01,19,60,"1","T1-C4b","Ambient",69.02
2017-09-01,19,60,"1","T1-C5a","Ambient",94.99
2017-09-01,19,60,"1","T1-C5b","Ambient",106.06
2017-09-01,19,60,"1","T1-C6a","Ambient",128.78
2017-09-01,19,60,"1","T1-C6b","Ambient",109.21
2017-09-01,19,60,"2","T2-C1a","Cyc3",66.78
2017-09-01,19,60,"2","T2-C1b","Cyc3",103.99
2017-09-01,19,60,"2","T2-C2a","Cyc3",91.47
2017-09-01,19,60,"2","T2-C2b","Cyc3",58.62
2017-09-01,19,60,"2","T2-C3a","Cyc3",66.64
2017-09-01,19,60,"2","T2-C3b","Cyc3",77.09
2017-09-01,19,60,"2","T2-C4a","Cyc3",63.46
2017-09-01,19,60,"2","T2-C4b","Cyc3",79.03
2017-09-01,19,60,"2","T2-C5a","Cyc3",59.44
2017-09-01,19,60,"2","T2-C5b","Cyc3",88.48
2017-09-01,19,60,"2","T2-C6a","Cyc3",77.2
2017-09-01,19,60,"2","T2-C6b","Cyc3",53.94
2017-09-01,19,60,"3","T3-C1a","Constant",76.78
2017-09-01,19,60,"3","T3-C1b","Constant",71.56
2017-09-01,19,60,"3","T3-C2a","Constant",48.59
2017-09-01,19,60,"3","T3-C2b","Constant",78.69
2017-09-01,19,60,"3","T3-C3a","Constant",82.78
2017-09-01,19,60,"3","T3-C3b","Constant",57.09
2017-09-01,19,60,"3","T3-C4a","Constant",73.38
2017-09-01,19,60,"3","T3-C4b","Constant",56.33
2017-09-01,19,60,"3","T3-C5a","Constant",71.57
2017-09-01,19,60,"3","T3-C5b","Constant",65.63
2017-09-01,19,60,"3","T3-C6a","Constant",57.48
2017-09-01,19,60,"3","T3-C6b","Constant",49.98
2017-09-01,19,60,"4","T4-C1a","Cyc6",62.5
2017-09-01,19,60,"4","T4-C1b","Cyc6",52.52
2017-09-01,19,60,"4","T4-C2a","Cyc6",56.25
2017-09-01,19,60,"4","T4-C2b","Cyc6",50.83
2017-09-01,19,60,"4","T4-C3a","Cyc6",93.15
2017-09-01,19,60,"4","T4-C3b","Cyc6",85.53
2017-09-01,19,60,"4","T4-C4a","Cyc6",73.64
2017-09-01,19,60,"4","T4-C4b","Cyc6",62.38
2017-09-01,19,60,"4","T4-C5a","Cyc6",86.31
2017-09-01,19,60,"4","T4-C5b","Cyc6",91.3
2017-09-01,19,60,"4","T4-C6a","Cyc6",56.88
2017-09-01,19,60,"4","T4-C6b","Cyc6",104.64
2017-09-01,19,60,"9","T5-C1a","Ambient",80.43
2017-09-01,19,60,"9","T5-C1b","Ambient",81.36
2017-09-01,19,60,"9","T5-C2a","Ambient",75.3
2017-09-01,19,60,"9","T5-C2b","Ambient",65.73
2017-09-01,19,60,"9","T5-C3a","Ambient",75.21
2017-09-01,19,60,"9","T5-C3b","Ambient",76.44
2017-09-01,19,60,"9","T5-C4a","Ambient",86.11
2017-09-01,19,60,"9","T5-C4b","Ambient",69.17
2017-09-01,19,60,"9","T5-C5a","Ambient",81.84
2017-09-01,19,60,"9","T5-C5b","Ambient",71.03
2017-09-01,19,60,"9","T5-C6a","Ambient",131.45
2017-09-01,19,60,"9","T5-C6b","Ambient",69.1
2017-09-01,19,60,"10","T6-C1a","Cyc3",66.93
2017-09-01,19,60,"10","T6-C1b","Cyc3",65.86
2017-09-01,19,60,"10","T6-C2a","Cyc3",68.54
2017-09-01,19,60,"10","T6-C2b","Cyc3",47.8
2017-09-01,19,60,"10","T6-C3a","Cyc3",66.99
2017-09-01,19,60,"10","T6-C3b","Cyc3",65.17
2017-09-01,19,60,"10","T6-C4a","Cyc3",71.64
2017-09-01,19,60,"10","T6-C4b","Cyc3",55.26
2017-09-01,19,60,"10","T6-C5a","Cyc3",63.09
2017-09-01,19,60,"10","T6-C5b","Cyc3",98.61
2017-09-01,19,60,"10","T6-C6a","Cyc3",68.71
2017-09-01,19,60,"10","T6-C6b","Cyc3",59.09
2017-09-01,19,60,"11","T7-C1a","Constant",52.13
2017-09-01,19,60,"11","T7-C1b","Constant",59.55
2017-09-01,19,60,"11","T7-C2a","Constant",66.89
2017-09-01,19,60,"11","T7-C2b","Constant",60.05
2017-09-01,19,60,"11","T7-C3a","Constant",63.98
2017-09-01,19,60,"11","T7-C3b","Constant",73.84
2017-09-01,19,60,"11","T7-C4a","Constant",63.8
2017-09-01,19,60,"11","T7-C4b","Constant",50.54
2017-09-01,19,60,"11","T7-C5a","Constant",42.1
2017-09-01,19,60,"11","T7-C5b","Constant",57.26
2017-09-01,19,60,"11","T7-C6a","Constant",64.24
2017-09-01,19,60,"11","T7-C6b","Constant",53.88
2017-09-01,19,60,"12","T8-C1a","Cyc6",88.97
2017-09-01,19,60,"12","T8-C1b","Cyc6",47.76
2017-09-01,19,60,"12","T8-C2a","Cyc6",51.3
2017-09-01,19,60,"12","T8-C2b","Cyc6",66.49
2017-09-01,19,60,"12","T8-C3a","Cyc6",79.09
2017-09-01,19,60,"12","T8-C3b","Cyc6",95.22
2017-09-01,19,60,"12","T8-C4a","Cyc6",88.66
2017-09-01,19,60,"12","T8-C4b","Cyc6",74.26
2017-09-01,19,60,"12","T8-C5a","Cyc6",63
2017-09-01,19,60,"12","T8-C5b","Cyc6",78.41
2017-09-01,19,60,"12","T8-C6a","Cyc6",84.34
2017-09-01,19,60,"12","T8-C6b","Cyc6",87.11
2017-09-05,20,64,"1","T1-C1a","Ambient",75.22
2017-09-05,20,64,"1","T1-C1b","Ambient",97.42
2017-09-05,20,64,"1","T1-C2a","Ambient",72.13
2017-09-05,20,64,"1","T1-C2b","Ambient",110.42
2017-09-05,20,64,"1","T1-C3a","Ambient",108.98
2017-09-05,20,64,"1","T1-C3b","Ambient",81.61
2017-09-05,20,64,"1","T1-C4a","Ambient",105.71
2017-09-05,20,64,"1","T1-C4b","Ambient",75.9
2017-09-05,20,64,"1","T1-C5a","Ambient",103.59
2017-09-05,20,64,"1","T1-C5b","Ambient",114.17
2017-09-05,20,64,"1","T1-C6a","Ambient",139.05
2017-09-05,20,64,"1","T1-C6b","Ambient",118.17
2017-09-05,20,64,"2","T2-C1a","Cyc3",75.55
2017-09-05,20,64,"2","T2-C1b","Cyc3",112.17
2017-09-05,20,64,"2","T2-C2a","Cyc3",99.16
2017-09-05,20,64,"2","T2-C2b","Cyc3",66.43
2017-09-05,20,64,"2","T2-C3a","Cyc3",73.89
2017-09-05,20,64,"2","T2-C3b","Cyc3",81.68
2017-09-05,20,64,"2","T2-C4a","Cyc3",70.96
2017-09-05,20,64,"2","T2-C4b","Cyc3",85.02
2017-09-05,20,64,"2","T2-C5a","Cyc3",66.61
2017-09-05,20,64,"2","T2-C5b","Cyc3",97.89
2017-09-05,20,64,"2","T2-C6a","Cyc3",84.81
2017-09-05,20,64,"2","T2-C6b","Cyc3",61.22
2017-09-05,20,64,"3","T3-C1a","Constant",85.08
2017-09-05,20,64,"3","T3-C1b","Constant",75.66
2017-09-05,20,64,"3","T3-C2a","Constant",56.77
2017-09-05,20,64,"3","T3-C2b","Constant",81.08
2017-09-05,20,64,"3","T3-C3a","Constant",87.61
2017-09-05,20,64,"3","T3-C3b","Constant",61.51
2017-09-05,20,64,"3","T3-C4a","Constant",81.43
2017-09-05,20,64,"3","T3-C4b","Constant",60.41
2017-09-05,20,64,"3","T3-C5a","Constant",79.08
2017-09-05,20,64,"3","T3-C5b","Constant",70.38
2017-09-05,20,64,"3","T3-C6a","Constant",62.54
2017-09-05,20,64,"3","T3-C6b","Constant",54.45
2017-09-05,20,64,"4","T4-C1a","Cyc6",69.91
2017-09-05,20,64,"4","T4-C1b","Cyc6",59.59
2017-09-05,20,64,"4","T4-C2a","Cyc6",63.51
2017-09-05,20,64,"4","T4-C2b","Cyc6",56.43
2017-09-05,20,64,"4","T4-C3a","Cyc6",101.61
2017-09-05,20,64,"4","T4-C3b","Cyc6",93.57
2017-09-05,20,64,"4","T4-C4a","Cyc6",81.04
2017-09-05,20,64,"4","T4-C4b","Cyc6",67.61
2017-09-05,20,64,"4","T4-C5a","Cyc6",93.22
2017-09-05,20,64,"4","T4-C5b","Cyc6",100.26
2017-09-05,20,64,"4","T4-C6a","Cyc6",66.03
2017-09-05,20,64,"4","T4-C6b","Cyc6",113.03
2017-09-05,20,64,"9","T5-C1a","Ambient",88.59
2017-09-05,20,64,"9","T5-C1b","Ambient",92.87
2017-09-05,20,64,"9","T5-C2a","Ambient",81.7
2017-09-05,20,64,"9","T5-C2b","Ambient",72.52
2017-09-05,20,64,"9","T5-C3a","Ambient",84.43
2017-09-05,20,64,"9","T5-C3b","Ambient",86.64
2017-09-05,20,64,"9","T5-C4a","Ambient",93.49
2017-09-05,20,64,"9","T5-C4b","Ambient",75.2
2017-09-05,20,64,"9","T5-C5a","Ambient",87.29
2017-09-05,20,64,"9","T5-C5b","Ambient",77.37
2017-09-05,20,64,"9","T5-C6a","Ambient",144.07
2017-09-05,20,64,"9","T5-C6b","Ambient",73.79
2017-09-05,20,64,"10","T6-C1a","Cyc3",73.97
2017-09-05,20,64,"10","T6-C1b","Cyc3",74.43
2017-09-05,20,64,"10","T6-C2a","Cyc3",78.09
2017-09-05,20,64,"10","T6-C2b","Cyc3",54.4
2017-09-05,20,64,"10","T6-C3a","Cyc3",73.12
2017-09-05,20,64,"10","T6-C3b","Cyc3",72.63
2017-09-05,20,64,"10","T6-C4a","Cyc3",78.69
2017-09-05,20,64,"10","T6-C4b","Cyc3",62.13
2017-09-05,20,64,"10","T6-C5a","Cyc3",69.36
2017-09-05,20,64,"10","T6-C5b","Cyc3",108.82
2017-09-05,20,64,"10","T6-C6a","Cyc3",75.06
2017-09-05,20,64,"10","T6-C6b","Cyc3",66.14
2017-09-05,20,64,"11","T7-C1a","Constant",54.88
2017-09-05,20,64,"11","T7-C1b","Constant",64.68
2017-09-05,20,64,"11","T7-C2a","Constant",71.58
2017-09-05,20,64,"11","T7-C2b","Constant",64.19
2017-09-05,20,64,"11","T7-C3a","Constant",68.3
2017-09-05,20,64,"11","T7-C3b","Constant",79.53
2017-09-05,20,64,"11","T7-C4a","Constant",68.52
2017-09-05,20,64,"11","T7-C4b","Constant",55.17
2017-09-05,20,64,"11","T7-C5a","Constant",46.41
2017-09-05,20,64,"11","T7-C5b","Constant",60.01
2017-09-05,20,64,"11","T7-C6a","Constant",69.49
2017-09-05,20,64,"11","T7-C6b","Constant",60.28
2017-09-05,20,64,"12","T8-C1a","Cyc6",91.3
2017-09-05,20,64,"12","T8-C1b","Cyc6",52.73
2017-09-05,20,64,"12","T8-C2a","Cyc6",55.42
2017-09-05,20,64,"12","T8-C2b","Cyc6",72.57
2017-09-05,20,64,"12","T8-C3a","Cyc6",88.34
2017-09-05,20,64,"12","T8-C3b","Cyc6",102.35
2017-09-05,20,64,"12","T8-C4a","Cyc6",95.39
2017-09-05,20,64,"12","T8-C4b","Cyc6",81.34
2017-09-05,20,64,"12","T8-C5a","Cyc6",70.97
2017-09-05,20,64,"12","T8-C5b","Cyc6",85.43
2017-09-05,20,64,"12","T8-C6a","Cyc6",92.9
2017-09-05,20,64,"12","T8-C6b","Cyc6",91.61
